546100856	1
7224709424	0
9283531511	1
8779895915	0
6675497544	0
4047751028	1
4604674083	4
1448464423	6
5939824224	1
214133115	1
9098202484	0
7194230125	0
5148596968	1
8370550947	1
745116685	2
6647020463	3
6873856770	1
9420187484	0
7284593025	2
4145067305	1
8695513210	1
314846913	2
9507309467	1
7309969139	1
285127609	1
3549119927	2
9075694215	2
2907511686	0
9016605294	6
5592793027	3
8712714934	1
3645597267	1
1211038093	0
3637447945	2
8017669544	1
2738137690	0
4749592824	3
4479215560	1
3798959319	1
4177865021	1
4708420571	0
2844019630	1
1457904080	0
71057772	1
5203580690	0
7876689717	0
6460819464	0
7266511824	2
6069295188	1
5828309336	2
830455484	1
3449233656	2
765389544	1
5188841381	1
8637575241	0
3912513096	1
8994956638	0
468781588	1
3656053473	0
5476631226	4
5763931301	0
2939641010	0
1315164180	1
6739447295	0
9838996716	0
8886605619	1
4643978776	10
1954191714	1
5327470451	1
2024808843	0
7205321555	0
2332731598	1
868134635	0
419669932	1
4530647042	9
7470090166	1
4323436110	0
82682055	1
6060999047	0
2965180574	1
4504653542	1
1220474761	2
5081601842	0
6051845337	2
6706668764	1
180345132	0
6198474285	1
1858824870	4
7724686547	6
5934747636	0
6700374041	0
9915206962	1
4226541574	2
3530569807	2
5763239731	1
8089990200	3
5241351348	6
4610396981	1
7335145451	1
929011404	2
9717771437	0
3693344604	1
4081333587	1
6230597261	0
5428560010	2
2970855725	0
228740691	8
6277141203	1
5724243419	6
4005025751	0
45507037	0
8055905062	0
4496358990	1
6450814559	1
1679060929	1
1532524505	0
5012694464	2
2836480555	0
4669515780	1
8241683954	1
1781205269	1
9970966071	0
7753730793	0
6010530745	0
2587855270	0
5844292844	0
8787806261	1
8959991452	1
5516108922	0
429778691	2
2837118817	2
8503615273	0
6402144755	0
4208289619	1
9123307126	1
7499445294	1
6751025589	1
4528365096	1
2873467495	0
610873029	0
9245911842	1
5762367466	1
9621883806	1
547743240	1
8049563330	0
2561076686	0
9540461530	0
8075091033	0
5372987254	1
5030407302	3
2675721988	0
6722352082	0
4466125915	0
4606615612	1
8480532008	0
2168621405	1
7216746106	0
3152438060	2
5177801843	2
4753941767	2
5543776726	4
7712975012	2
2547891536	2
9033391557	1
6172771554	2
1888291843	0
6004770484	1
6068765070	2
704613811	0
3108954033	1
8423057498	1
121084045	0
7192816740	5
873311391	6
31136768	2
834472291	2
5976442423	1
6018339028	0
485281376	4
529091419	2
9952783842	0
9641079967	0
7516056437	0
7920962169	0
7277038830	2
6037147922	4
7172708559	0
5490417950	2
8430063090	2
5105818942	0
3432062124	0
1955766846	1
4054055901	1
9842700738	0
6875376493	1
3428558461	0
3102216182	7
7756953495	1
3012501895	1
9746788878	0
9880808244	7
5164614857	1
3859615395	1
5786743687	0
9903637821	0
8772831086	0
1497308886	2
3210838716	1
4051674714	0
3189527671	1
5305764220	1
8456652125	2
7970106197	2
3761702205	1
1433840923	0
7333432588	9
6710276834	0
9344082150	0
7575532268	0
1435049921	1
7509856760	0
1485390858	0
7718099321	0
4216491738	1
7530307471	0
5659324156	1
5164129802	1
1202546208	0
1360722071	0
3926907338	2
6817471718	10
9331027077	1
7128723496	0
1475623156	1
7789729848	2
1720994729	1
480839832	2
1393324921	1
1527288531	1
5922300529	0
8069919219	2
2863463279	2
5322830267	1
9084395522	1
7387267741	1
5280849149	0
5078947079	1
3977674152	1
1363170506	1
9919498974	0
9276096851	1
9354279940	0
1753721453	0
2421029600	3
5697459911	1
9938144731	1
3645931945	3
294856255	1
526161916	2
9766361916	1
5093798931	1
8757783170	1
9076033469	0
5230858025	1
1698969036	0
782506762	2
3282302319	0
7242485552	1
4141953288	0
2249727095	1
1694402592	0
7152751147	2
3633673086	0
1432833690	0
1702570445	1
3669640770	0
9959276960	1
2421920838	1
3086758488	0
6756517818	0
1648328243	0
1533362257	2
4367523155	0
316700565	2
4078422375	1
5865511589	2
1628848955	0
6690531048	1
6057388222	0
141965938	1
7846357834	0
2747402590	10
4944479774	3
5542913319	5
7670387820	0
6442633428	1
1505670647	1
178467134	0
6106762038	2
6318265526	1
7209530256	1
7694435947	1
927232697	2
6937702595	2
6331772162	0
764773843	0
6606049792	0
2179600480	1
1014383679	0
3541129171	4
8459734095	0
9800162301	0
7767457642	10
8806633639	2
9329822179	0
4221051764	0
7114277741	1
6414003834	1
7276271383	1
5009074529	0
1699548247	1
4874219905	1
3371997813	1
4312789302	1
8624257636	5
2405182303	2
9241910388	1
808536128	0
2139623414	0
1677884979	0
5832684435	2
2303606266	2
5618879938	1
1398529432	2
8773594377	0
1132358492	1
8673453390	0
3798868176	0
5346527320	2
3077932694	0
2717691939	10
2315745010	2
4780852492	3
9155954731	3
7562432036	2
5581882868	0
7270137451	10
3710842136	0
2778089331	0
2208472672	1
7339333471	0
3874323665	9
1402129558	2
7579124897	0
8968682336	0
2016231201	0
7198803653	1
6981423094	1
1300270872	0
5694364219	0
398843150	0
3011180721	0
4695766821	1
7825918333	2
4107248119	1
3889112616	3
4669006800	1
1568004340	3
3054032558	2
2908447234	2
2172181860	2
3385285093	0
7181745288	1
8497150446	0
2910765466	0
3300618073	10
8070355544	1
6210885194	1
8306496840	0
5722761061	1
9535399657	0
8383689638	1
7557531640	2
1698913031	0
4256841782	1
2752076392	1
5494601224	1
4924282374	0
5257024137	1
2887233910	5
682766948	0
2199307032	0
213925729	2
9754111525	10
4011784677	2
3430607867	1
2568949699	1
8428178189	3
9706837555	0
5800943860	2
6245785162	1
1462726618	0
1631688673	1
4485310153	1
8106811914	0
3778804574	0
1784520868	0
5007261402	0
8086137462	1
7113996696	0
4148349938	0
6628128349	0
4658536053	2
6330867980	2
5602241919	1
4932051493	0
7668253636	0
9963883871	0
138407761	1
783444592	1
3175262640	0
8548264974	2
2325058991	1
5109297398	1
1625086607	2
2388079029	1
275670342	6
5722368574	3
5743286033	1
2343299673	2
4244107793	1
5780624942	0
5319163677	2
2311443163	3
179256935	1
6950860813	1
7714793816	2
9527038401	2
7917664499	1
8002247687	1
2532233011	1
2179388246	0
7445112152	1
5035091613	0
7693376456	1
547224423	1
1410317058	10
9223580402	2
7059935490	1
8436977031	1
8179874708	1
638642401	0
2365987922	1
5852306440	1
8342414455	2
6148217609	1
5669853662	5
590441805	1
3636929589	0
4656875855	0
9954676206	2
6232432879	0
5618809668	5
4955672121	1
2214746780	1
7038744891	1
4890355966	3
7424409291	0
1043854322	2
1783354953	1
4647815801	1
7590229055	2
1705101669	10
1863545463	1
9326465416	1
3763362922	1
8172018375	2
5774381585	1
1375570271	1
1247336364	1
7341415893	2
7810430833	0
7387951747	1
9762976980	1
4708564876	1
7444914406	1
7218622338	1
2182023698	3
345583632	1
4921967582	1
9136458380	0
4618810499	1
6758645995	0
3799929008	0
8503499623	8
1699284758	1
5073779346	2
8237685246	0
9639469508	0
1186645827	1
3414298648	1
1053975112	1
9347053063	10
5111246993	0
165933944	7
5231873463	2
6899404703	0
2758755086	0
7293862151	0
1718653811	1
4383623389	2
3821132681	1
4781000361	1
9324688033	1
7083026464	0
2645053513	1
4475534519	1
2548751922	1
9444794721	0
7380022110	2
4208088113	0
5201022547	1
5353009966	1
6956686994	2
392859545	6
3941312971	1
3693445154	1
6239519280	1
8164038364	0
8557438579	2
8403500283	0
6490497167	10
7134675583	0
4201004105	1
7553018018	1
5411760543	0
8131275727	6
1959268734	1
607558250	1
9207381893	1
2054282410	1
2499994250	1
5170578278	1
4515297839	0
9147360879	1
6733151531	1
6787508508	0
1264231750	1
7120665185	0
5744599732	1
2922675088	1
2875496174	1
9834755902	0
2368835056	0
7415145896	1
3014450271	3
267792336	2
3319390140	1
1612763066	4
8357440556	0
781142448	0
2435526162	3
9881862952	0
7379846746	0
7070650078	0
8213611378	2
5893961433	0
3172946389	0
6744601361	1
2327450039	1
2528628961	0
868767427	2
6182372236	2
8606136597	0
5174730972	0
5117218962	1
1260836518	1
9962469348	1
4157369613	0
2409856306	1
5940521758	0
404164968	1
9199209919	0
5745570521	1
799949763	0
925089438	0
1284230032	9
846907177	1
7604909597	0
5392044432	0
4937105424	4
4406274153	1
9820885769	1
4100366327	4
5493993751	0
1501322357	3
699303448	2
2362638360	0
1641350619	2
4233174426	1
3039625512	0
5774819182	1
7940502853	0
7658353025	4
3719239565	2
4995537571	0
3066576739	1
1394099574	2
1271062242	0
7570506715	1
6707956876	2
1294448305	6
6823819000	1
8161706680	1
3165034309	0
5613029118	2
483468694	0
3854838751	6
3503173508	1
9213050977	0
9463346213	0
6662469852	1
8129430513	2
4919075720	0
8330888256	0
5406061203	1
3098346462	1
1120081991	1
937794282	0
3832199763	3
31065928	10
919334865	1
5880295549	5
9588339534	1
9202141658	0
1583787323	0
1349893263	0
2804158259	0
4899271749	0
4130830606	1
5141610439	3
5884179925	2
4131669926	0
1369150512	1
4529241230	1
7013719242	1
4412102684	0
4016450162	1
1108936720	1
7474503005	0
4424305547	1
1685663261	6
8454984419	1
9402304288	0
12007541	9
4332053018	2
6041037878	1
8639851395	2
1434380198	0
9621573530	1
5366274514	0
6657816677	2
958341208	2
1595769865	1
5406124799	2
7573324338	7
3368803232	6
7668854179	1
2514104692	0
3480587019	1
4517507180	1
5852810951	0
9915756659	2
4525252762	2
6337200571	6
9904513008	0
8912016613	1
4139011424	6
7510176516	0
431069813	9
9429546606	2
405246282	1
9008626082	1
8632935108	3
9940338306	1
5182985830	2
9134923655	0
3829098404	3
3076671450	1
5791506883	2
8066502884	8
7094428280	1
2937757392	2
1474016935	0
2900876530	2
7932521110	0
4516431341	4
2190333050	2
3454959995	0
5889346481	1
3042958823	0
7108136861	0
313503072	1
5011578652	1
3271653405	0
1440280874	0
7046951531	1
5002080659	2
4375192538	2
9410357059	0
9120825843	0
7813176996	0
3342928201	10
936374207	1
7891219893	2
6624787872	3
168175528	1
8503469704	2
8530020915	1
497018593	2
3406705608	0
7358733324	3
3564327541	0
7010183951	0
1694904591	0
3791398232	2
7190730699	10
3754107472	0
745923114	4
9763411264	1
7122770142	0
4971497614	1
9948331567	1
4970681946	1
784370815	2
947530966	0
4363700284	0
365453077	1
3124466663	1
3350632620	2
4832989936	6
6132966048	1
882459353	1
8443114029	1
774156320	3
5094529140	0
4574196191	2
5094734755	2
2176444484	0
7997622939	2
1138885480	0
1167199618	0
1819145958	0
4983115467	2
4992887613	8
4901731958	1
8326745047	1
4477497140	0
9713275683	1
5173208358	1
986281088	0
1052490641	0
4042788357	5
2803104098	1
5052005872	1
152704263	1
6503862028	1
3268270141	3
6487101019	4
4315795137	0
2697600454	0
2772637599	1
6056074095	0
3448636303	1
6348556752	0
2824975232	2
865326152	1
1031800447	1
7090728923	0
3584568934	0
5407461289	2
3478164106	0
6822667147	0
6765565755	1
3360991196	1
6757528747	2
3436359055	1
4200983209	1
8736333835	1
7135588988	5
347202688	1
8018891573	1
5580023606	2
3942119395	0
3663225246	0
6457941025	1
4162142270	2
585679277	1
5828892457	2
8280929744	1
3433548691	1
8763534369	5
7156354270	0
5005089195	1
9852856645	0
2940159199	1
4826532331	0
5823896005	1
1812006033	0
1946072246	0
4650971003	10
3744192211	0
7905012051	0
9109637963	1
6749991746	2
4170688503	1
9286575789	1
4576152851	6
2279820101	8
2967771120	2
9036398389	1
4508351869	2
4539724984	0
4321328199	2
193820483	0
7704079622	0
8424920276	1
7574402231	2
7574436489	2
2981171702	9
5937738884	2
1546564922	2
1535895023	1
7837560693	1
514556785	10
4477368195	0
7697671735	6
7069573622	2
8278619497	1
4186973084	7
1051401062	1
2183908850	1
4501631899	0
5544659837	1
2333053579	1
3585623029	0
42820666	5
1691783074	2
4626191117	4
4328788992	2
9952496143	0
3885971599	10
1977287307	0
6489461221	1
5754687706	0
4308581568	0
5869226639	2
3698382107	1
722149347	1
9711445957	6
4109187486	0
2163834619	0
7686810284	1
8802902371	1
3012797232	7
534111552	0
1998076621	0
4590916945	2
5846132262	1
4146303213	1
6524879158	3
393798271	1
1670898356	4
5931255794	1
8935099630	2
9233497353	9
6925362148	1
971921890	1
1495995782	1
2101587167	0
5881128002	4
1336256939	1
1267637959	1
1934036410	4
2028638826	1
8174803770	0
5645850485	1
9147152842	0
9257888115	0
3007978794	0
9800211975	1
1418105606	1
1242871756	0
2665407365	0
9115903463	2
1700268836	1
2679429994	0
3239214896	0
647321286	0
8694179751	0
163343752	0
8119809755	1
3431236759	10
8068302468	0
4586036956	0
12955535	1
3622584308	1
20216430	3
6724787338	1
9705566762	2
9439787307	2
9737723367	1
7591287911	0
7356183371	2
5005633749	2
1708638493	1
8983281647	2
5007337000	4
5466197510	1
9332178798	0
8209573899	0
8463307904	0
1229259214	1
7337238600	0
5281142693	0
6964255006	1
3423888997	0
7065786957	1
2163338800	1
5517886157	1
242084790	0
3211771165	0
7177802545	0
2409992269	1
4569239268	2
8343609291	2
6509869720	3
3385854113	0
3598077128	0
5354396924	2
5001654773	1
6345913771	2
8904022923	0
6940044526	0
9376541375	1
8852162770	6
1695932627	2
7186631410	2
996800529	0
3356220952	1
9446264931	1
6071391632	0
5905235038	1
9759059517	2
6837118897	2
2929154589	0
1300529280	1
4734433452	1
5977786433	2
6305593235	3
564932523	0
8900043358	0
2851525239	1
8698517320	0
8784192070	4
1603768996	3
8538278519	9
9193321517	1
3507938806	2
5631139432	1
8004963150	0
5876471599	0
8166151438	2
9333872053	0
8046633098	2
4580247171	2
9989228665	3
3965602543	1
2089437072	1
2294122233	0
2982734156	0
4293581641	1
6250524442	1
3014483144	1
7489249320	0
1999047183	1
9120330831	2
4971870777	1
7885025406	2
9858685459	0
9516933793	9
6030823679	0
5716325201	1
2589181519	1
2853783393	0
1635803164	0
6013555346	1
8460897439	1
7668526011	1
1295868519	0
8105333868	1
2823147292	1
1801530199	1
6246046280	1
8089277689	1
5058047358	0
9096198130	1
6246680213	0
8409023093	0
4661831377	2
665381871	7
4044657763	2
3056949650	1
4313375432	3
8955667439	0
6251256750	0
1170441384	1
4901134976	0
6168578475	0
809829695	0
6017534572	0
9866974956	0
9166843798	0
5408886782	0
7237486261	0
5170938134	1
1566205040	1
5897290884	0
5264543381	1
9727779952	0
1344406228	1
6810829138	1
4618345996	2
4865507097	0
5600980278	1
6117155029	1
351430968	1
3676904411	1
7837023409	0
6144450055	0
759972540	0
3515239961	0
5650911362	0
8892524070	0
8897143051	1
1594778479	2
6391180127	1
9500154510	1
3605784923	2
6856403190	1
4637304937	3
562893178	0
5760931012	1
7064865875	0
7483873270	1
8099376883	1
7798039260	2
8373962867	0
1783331592	2
4803899832	1
269486470	1
7001874858	0
9978570585	1
109358738	1
6516122558	0
3417838504	1
2932564057	0
6872993311	0
1692898142	1
8403246308	1
7298924973	0
2475893366	1
4388708613	2
7382234917	1
4258497840	1
2429826373	0
2244659846	0
9145020847	0
9658632569	1
7075559534	0
8474482797	0
8594997526	2
7941474889	1
7552298822	1
8568881657	3
2896734550	0
9967146701	0
2695444481	0
8749167814	1
6250034139	0
7317786843	1
467507837	2
9934318467	1
7527749656	2
5327143369	1
755837836	0
9569092095	3
844790845	1
2077133127	1
4885669616	0
8181948121	1
1790655063	0
6237865101	1
3938907760	1
1761311625	1
4727176849	1
4439841665	1
3778826762	1
2860022327	0
3801116516	1
7642653086	2
3484539870	0
6043500630	0
1138523739	0
257933786	1
5210074680	0
7455600910	1
9217504373	1
270766594	1
2116458	1
3503563094	1
6414877465	1
9874240256	0
5389144623	0
7552821021	10
958858124	1
8244925051	0
1533690826	0
4963306668	0
3555429722	1
902068207	0
9180993020	0
6876195891	4
5835779872	1
2408301637	1
7351488328	2
5333120249	0
8514991057	0
3519594749	1
5900134428	0
8945634561	1
1445432909	1
4567612086	1
5818928266	1
1885887731	0
2493253446	1
5524550050	1
9067502868	1
1398282945	1
191156688	2
693095047	0
4640454421	2
1555796015	2
5061123187	0
1912691606	0
7314241723	1
8789278055	1
3724278164	1
8363534048	4
8958190944	10
9790680581	1
6803836615	7
1968675605	1
2540748672	2
983270375	0
6428912068	1
5577743384	0
2262275023	1
8329990493	2
9967416540	0
6572998065	0
1640600260	0
8542441942	2
6820511213	2
8534066846	1
1764765812	0
7340330703	0
9194768254	2
4550711612	0
2388806885	7
7173564909	1
1364865137	0
7658547342	1
3702589757	0
1558789806	2
3660054190	2
7693292112	0
442662894	1
3617114014	2
324494433	3
756254851	0
9362199425	1
3614016027	0
947524835	0
41034190	0
3141132408	2
2964421045	1
8159726226	1
6899362624	0
2743556403	3
3721985374	0
1605279754	0
4069902609	3
836640618	1
5181890716	1
5658990975	1
8435638081	1
577551346	3
1411966817	0
6650664760	2
2426265642	0
7807890191	1
3327428153	0
6504249629	2
301946773	1
9101223947	3
2049352387	0
991937239	0
1536008610	2
7503120079	0
698437440	9
2341104097	1
5311655779	0
2441780963	0
3288271088	1
117212997	1
3578554429	5
994232799	1
2705852570	3
5267274264	1
8074971162	1
3207353525	1
6953480338	1
9905067341	2
8044555175	1
2409092017	2
3286731636	2
4235263494	8
7199383095	0
8089926383	0
5144862894	1
9427889313	1
2796368055	1
4328256070	1
6252939830	0
1957482622	0
5048928733	1
4237114502	1
3824342313	0
6639038281	1
9271967854	1
7727501669	5
4612345264	1
7756735722	1
9502187487	2
8115207261	3
1361560822	2
3084428038	1
246415674	0
9239840629	1
2662154659	4
4867710974	1
6861973641	2
6859685462	1
2787961579	1
8971659272	4
9657718393	1
1113442022	0
7784040499	1
7306553881	2
8759074840	1
884314726	1
8266119280	0
5965482659	0
6131424024	1
9520738949	0
7845205572	0
510991031	2
6375307541	1
3862397752	1
7179143698	6
4815669006	4
7152128232	0
3697095661	2
9188165134	0
3885312119	1
1655240353	0
2511047593	1
5387573578	2
4294249994	1
6254693630	1
344987006	0
5691814308	7
5766393485	1
7259603960	0
2274729224	0
4171564337	1
4488491468	1
5354457854	1
9545964925	1
8140910927	2
83953176	7
9746539314	1
3065017427	10
6884873072	0
8664298438	1
4291525988	2
9175178524	1
6378885694	1
6488165260	2
722310849	2
4697947797	0
5437220039	0
9639030559	1
2023027695	0
7704727557	1
8349914612	2
8489729650	0
2118843089	8
4241859411	1
2468376756	0
5320829279	0
3836977114	0
7819119595	1
2680895146	1
8978702474	0
938843141	1
4214543640	1
1146379778	1
9712091111	0
9328842988	1
8978592338	0
4651510697	1
7499447250	0
28951896	0
4769457532	6
6865567073	6
1689421323	1
7817725290	0
3696200723	0
1760479830	1
1979287389	0
1867462484	1
7414166530	0
516675994	4
7462640326	2
1813624081	1
7281538396	1
8230903947	5
4888675652	0
4647631061	1
7371687331	1
9294163823	1
5206620197	0
7736049618	1
9700406158	0
1122776662	0
4621782557	2
7508599213	0
3368494433	1
4298949105	4
654770829	1
464187672	1
800399273	0
8612525030	1
2319128159	0
6641093582	1
1473113094	1
9261424488	1
1237938606	0
8300023940	1
3975938427	2
9636141965	1
2262598168	0
4005203173	2
679695760	0
7890297085	2
3269877470	2
5744952795	9
2351174301	1
4379697773	1
1811699604	1
1743922880	1
1442274618	1
6705152025	1
8220764426	0
2399302743	1
3419952443	2
2630132619	2
4294323822	2
2499277246	1
8848998621	1
3393955263	0
1589096459	1
5106207150	1
7905541453	1
1954289539	0
781913013	1
9354481299	8
9912453454	0
8136601878	1
7868082407	3
832300074	0
8499826036	0
3031768995	0
5729276364	2
7255648147	2
4618300061	2
9060112801	0
2772986449	2
687368041	0
4086288605	2
4308589959	2
5008586397	1
9034651049	7
7921708101	2
5070059348	1
7830138661	0
93262280	0
1675667628	1
4908552205	1
9030237526	1
705798793	0
5006940589	1
7291449284	1
9757300282	1
6648688757	0
5728083464	1
7371979404	0
3160595033	7
8352116249	1
2527097857	2
4673499095	1
1103229113	6
9735192794	0
6915614018	1
4355609760	2
905546659	0
1266889667	0
9399474939	0
1738357324	0
523091866	1
5945307777	2
9312571596	1
3807603124	1
9625760504	2
735368943	2
3998725211	1
7072867151	0
2123350375	1
6993299340	1
901966021	6
4133877470	1
5011920383	0
1823945424	1
5902332883	1
236447602	2
2268522877	0
6951392723	0
6737488799	1
3623255149	1
8773644100	1
3353074528	1
574466178	1
7013705598	0
5570845914	1
3075332771	1
1049883569	6
3111839896	0
3140030671	3
6702382680	0
9692974219	3
9014768558	1
6225895099	2
9392133968	0
9958256661	2
2589300660	1
3428491362	0
4427651581	0
3707665860	0
5248691728	0
4079796893	10
9203553006	0
536852889	1
1204805620	1
617626656	0
2161541420	0
624803233	1
6959854992	0
6266597374	8
1806451551	10
734111706	1
392954107	1
6957362789	1
4743998220	2
7483029946	0
9724042069	2
2877943909	0
5511468130	1
9986525919	1
514010806	2
2623280525	2
1539005641	0
9839314781	5
9111749094	0
624893415	3
8518374232	7
9721791122	0
6143577855	0
2079600940	7
7532679120	2
3571366577	1
8221428510	1
6619290126	2
4782811321	4
7213619134	2
2727285145	3
6945630899	1
1023869303	0
7504685388	0
7744016686	1
4556556046	2
5288672998	1
2803748870	3
8982221760	3
9508067313	2
9699315351	1
3309723742	1
3358636700	0
1450195626	1
9815439374	0
807502947	0
3999786987	3
197053823	3
9657784587	0
6119851882	2
4209137568	1
361628852	1
9455717959	2
3444311166	1
7897551259	2
3726214854	0
3825737803	0
5033328860	1
5592600945	0
952055476	1
7997596104	0
1114105172	1
1589416456	3
2497566378	1
6122226398	0
388110790	1
9966731044	1
6857021229	0
6742180407	6
8356295970	1
161502525	0
1365192937	1
6870389279	0
1716950828	2
8972767612	2
1385937069	0
3582461668	1
3136276770	2
2540118682	2
1761345281	0
2266317886	5
4973216770	0
8357945561	1
7231509293	1
4341857401	0
517568562	0
6550794665	0
6982132348	8
8379643306	0
3308884181	1
5962488425	0
8328989251	9
207678159	2
655050022	1
5682477415	1
3109398147	2
3267871613	0
7020711548	1
3024692909	3
9655844991	1
3004058768	0
9786306448	1
8059550357	2
3075194602	0
441554995	0
4894634035	1
4303427510	1
7343282452	1
4709511106	0
8741087043	1
891595756	0
8865743828	5
7944047198	1
3996282921	1
7302775949	0
5232545044	0
3250833481	5
2320729409	0
5539650615	0
2716526882	0
5527569893	0
4976926061	1
7916840350	1
5142275432	0
831301533	1
5519835041	1
8586162031	0
3178847561	1
9191997037	7
6104944311	0
3909836107	2
676306960	0
2493749932	1
3465610332	0
7223946294	0
3420402856	6
9372084354	1
8210923472	1
780616009	1
8101257614	1
595491190	1
3589330483	5
5742909832	0
4458011850	9
4351619495	0
9408067324	1
6944016279	1
6232251259	2
3990217217	1
9542987813	1
5906417034	1
8098438027	0
668291782	3
734040863	1
7025900082	1
5114867074	1
1537399397	0
1474948818	2
1945469340	1
1198146648	2
6286005813	0
2830084039	3
2660893594	0
2472082245	1
1697863049	5
3119646564	0
4628620511	1
8039101878	1
6519223126	1
7195026765	1
1066850840	0
4451236752	1
2459545786	1
9566577328	1
7917898417	2
3063859039	2
5590516976	0
5030393897	1
7853811420	1
3281154264	1
1500928748	0
3294058859	1
5756911495	3
5731804785	0
4886265406	2
3316922141	1
7221006065	3
1232016858	1
9204805299	0
6441468097	9
881988237	0
9024002184	4
6958094955	5
6433924881	2
7312096991	0
9254172601	0
1816984525	1
1156925967	0
758468276	1
1904248445	0
4916310241	1
9674745872	0
8161078001	1
8569172943	1
1769520881	1
3264479815	0
7619515750	1
4037512632	4
6578816195	4
6283185000	1
6328436793	1
951650153	1
3335184635	0
3940486739	1
1155570174	1
8376831160	0
3083904320	7
2695882297	1
5998789928	2
3793083965	2
4025456648	5
6050854656	0
9549141292	1
6054897463	0
8975289821	1
8729551711	0
2008641429	0
6200462930	3
2488404802	5
580142370	9
403750018	2
8156516597	1
5846125151	2
5116431785	0
9955703756	0
6416005684	1
9576408647	0
4091251786	1
3752777785	0
9782988141	2
9077631034	1
7955371404	2
9188803952	0
3529226336	2
6815859599	1
5339295288	1
8353894138	2
3476230614	1
5241899341	0
8666619742	0
9618485776	2
567879122	0
1143106542	0
8543066373	0
3211553428	1
4598515061	0
6841684601	1
7141227243	9
5475714813	0
440281918	1
6276384492	0
6660536658	1
3385599744	0
8040274102	2
2406767870	0
2993074213	0
1770549032	1
2120490422	2
5335953036	0
9030342447	2
3745915597	2
6277941914	1
6012454695	1
1252725097	1
3671323332	0
3646746092	7
10448753	2
3325039430	0
767251192	0
1314470611	1
8210051643	1
2247826510	1
7684902856	2
977237554	3
2723098494	8
4091073419	6
7152735703	1
1361315567	1
9905143937	1
7743278999	0
1603411545	5
8139891112	0
4952128390	1
8269768863	0
5749954827	2
5775116376	1
6103469676	0
2785555137	1
5600549104	2
311472439	0
669561805	0
5927152906	1
4439781595	2
5144712731	0
819648054	1
8805042164	3
6653006581	0
5139117938	2
3753468656	2
580848065	1
8142169539	0
7187264696	2
9592645513	0
7207527902	1
6166126691	0
6204853205	1
8165397612	1
9832756908	1
6899055349	1
4689707405	2
3168065451	1
1686501961	10
491989616	7
2934272661	10
3507902255	1
6224642088	1
5051410001	1
5328116357	1
616290565	0
2800986881	0
120348930	0
8047164046	1
8260667329	5
7455960881	0
3393009926	5
5013441642	1
3946652977	1
7283158323	9
5072893790	0
1000240645	5
4294141783	1
3834007612	0
5896792059	8
6548314707	6
8253144308	0
4607247108	1
6088789519	1
5933705059	0
8565682825	1
703016938	6
5071479335	1
2338328497	0
2096039206	1
8725795345	1
8015976496	0
947881619	3
7562477755	1
5614402758	1
677536384	1
1014616559	0
9071930032	0
2966872671	0
7314608543	1
2862456586	0
5761155644	0
189024222	2
4678149709	1
2384909612	2
9378793595	0
2715725198	6
2617368190	0
8516436453	4
5624067838	1
9953022225	2
4899061600	0
3430736744	1
9297111038	0
5819688815	4
9811720113	1
6227701232	1
4522760572	0
2856846379	2
7908910194	0
2683046680	2
8556784849	0
7242428900	8
1225099614	0
9320862502	0
2527896655	1
2486264114	1
7124780186	0
3039273843	2
8326637037	2
6975529775	9
3358992856	2
7221966005	1
8967672351	0
5111242707	1
5993488783	2
4649553091	1
4565438794	1
3250877891	1
2168769921	4
7874376308	1
3285447117	1
5244144626	0
3245048045	0
8334201825	0
1711006420	0
2277402152	0
6777677802	1
7857298641	10
7887456921	0
6075942682	1
3105440846	1
6042070700	2
5824584587	0
7632253687	1
9581448401	0
6058088749	0
8276559596	1
3173304545	0
1075873295	0
8664993362	7
1177821751	1
8922369293	1
725504190	1
920440789	2
3631271081	2
1107520962	0
9433485305	0
9544512911	3
1950567758	2
3263817971	0
8175330411	1
7397523769	0
147879308	1
9430581156	1
9897418113	1
9102276141	0
2530086995	3
2765920062	1
3042028625	1
3808314704	1
7440482567	1
9468126551	1
4306645282	1
967291458	0
6102441969	1
8303168859	1
1247316129	0
8502495536	1
394386553	3
1323742146	1
2093750108	4
3873776486	1
8017572914	0
5395575299	0
9212719071	0
2929874445	0
4251184835	1
5374464838	0
9229635036	0
2019733185	1
4768952264	1
1416257068	1
2504785566	1
2981124886	1
6414772244	1
950523654	1
7711381747	2
3306478944	1
9460765464	1
163977799	0
7429601831	0
7954213149	1
8221846371	2
5130254143	1
4847768997	4
389657314	0
7319293593	2
1994380875	3
386775335	0
5453318781	1
297212227	3
7279809407	1
1725178626	6
109561633	1
3758259794	5
774720769	1
4212522424	1
2895484840	0
2699251380	0
5829876762	1
7010369703	0
9620372118	1
1883356669	2
1909076702	6
4969454110	1
6407649580	2
2194626931	0
2133150152	1
2578612801	1
3196321022	1
1500371630	3
7938752346	2
2210180379	0
1550146636	0
4676077845	0
8542451981	1
9452487280	0
6183599706	1
8004500037	2
3599406074	1
2636027307	1
1914781905	2
6355820328	8
5793035685	0
7392274516	1
6653733083	0
8165063873	1
9250386784	1
5864896208	1
6991597859	0
3055958328	0
1103113292	2
5152718676	1
1794650088	1
9907755425	2
5132321402	2
5262607913	1
1916002518	2
6908325566	0
4184261281	0
2970470770	3
1893175436	7
8324379298	2
2805872154	2
3554906009	1
9968162011	9
523297958	0
166090243	0
3259609252	2
1722053022	1
3016533567	0
1580450694	0
9086022608	0
3454213730	1
2634704496	1
2856325908	0
5358813438	2
3848445896	0
1793704698	1
3178412868	0
6924848631	0
9411510997	2
2064470814	1
4683979133	2
9447768564	2
3172607624	1
3202228811	1
8385288350	0
8865163539	1
2618772795	5
6820892861	2
9360969741	1
5144724371	1
108177076	1
6853964722	10
4264578031	4
1532318228	1
7648194244	2
1463233478	0
9239145633	2
8980489693	1
2755391716	1
6326387769	1
6559744284	2
738723713	2
9327540025	10
6947177681	1
9446887225	9
4486929567	0
433489352	6
5576071698	6
9782628637	1
7036026897	1
9495293228	8
9897372498	1
4630371616	3
8370008544	0
6911616628	0
3219523297	0
9704751491	1
7405934844	1
7080304486	0
1908732473	1
1755779346	10
9690385393	1
6525009203	1
8699882806	1
9622956428	1
3800177373	1
8996311550	3
8686054156	3
873033733	1
599753497	1
3504256414	1
8963237866	0
1391882275	0
5073552813	0
3904848154	6
7264126859	1
5997198933	1
1651323007	1
4225063221	1
8557480927	2
3373871711	0
7233789223	1
7739387762	2
5642800213	2
383021129	2
3792152819	1
1169823957	3
2179465980	1
590841334	1
293723332	3
8444893240	2
6334503716	7
1244264367	0
4135368856	1
3724090406	3
9181586514	0
9628268223	1
4095185860	1
2731212717	1
9690463003	1
750460676	0
7115346331	1
1301068570	1
8598730691	0
2819245019	1
8684232090	10
8904410755	0
1636531105	2
6174186742	0
6523629288	4
7147482030	0
8686267368	1
3000021440	1
9651389426	1
4568998185	1
6421829445	3
5945687406	1
7066021076	1
9322288804	0
9798099264	0
7645570970	0
3273857391	1
6229080761	0
5928759492	2
5066495912	0
2758817682	1
1219244678	2
1560439096	0
5251247668	2
6916177825	1
3461420682	0
6182668676	0
5985147066	10
7924388386	0
3130462408	1
6558412671	2
9646723491	1
1009248558	1
667682841	1
9589202718	0
7431764476	4
6393096526	1
4006218901	2
8681576673	0
7476822295	1
514547189	2
2425399472	1
3800163388	4
5845005391	2
1188213997	0
5145417935	1
6969751557	1
5860151409	1
289387905	0
1540378275	2
3224508701	0
5913668852	5
6239092761	0
7671918282	1
658317851	4
5647859041	4
3533406629	3
5382417683	1
795432890	0
308867914	1
3052185503	8
3793457990	1
2627903132	8
7855644753	1
3860596146	1
9227872746	3
5874560790	1
7821539381	8
4461495191	1
7637238101	1
5392119570	1
4578161984	1
8715067692	1
4150926441	1
4987228814	1
5926371631	9
523824796	1
8851426755	0
184439773	0
9472969256	1
6914484100	1
9427551247	1
2167384102	3
3297692322	2
5422473729	0
3161672628	4
2309589427	0
2311657471	2
8380675168	1
5577979141	2
3364701700	2
4266144801	2
8888811836	2
8586044284	1
5373758490	2
8953282482	2
9164044001	0
5352369226	1
9393662304	4
75397952	9
3247050768	1
3573992221	7
9688342047	0
4471293231	1
8081058062	0
8193984199	1
4550013418	2
7532093943	0
1127889925	1
7201377614	2
3965205912	0
8990648866	1
2257691504	1
5098158982	0
9737431196	0
9188183978	3
6021814191	0
1828135129	0
3646695408	0
5913883000	0
7214373699	2
8772209248	1
6260287579	2
6725857895	0
1105344661	0
4165900976	2
8064008022	1
2874033235	1
1635033289	1
5797352043	0
7326621043	0
9363320839	3
4225127848	0
8489638104	1
2937874357	1
1059489954	0
8418748457	1
966836914	0
2504208932	0
2532348673	1
8884898167	1
2762182297	0
1154955596	3
7043884479	1
266203600	0
8201978839	1
6488638301	0
6588325659	1
5660956780	1
5095709365	0
7741608146	2
9406231872	2
6562422971	2
2084469571	2
9311146319	5
4691528335	0
6443705269	0
7488579792	1
4238006644	0
1398125520	0
5595775372	0
4356794684	0
5648108033	0
1637698980	0
6648190566	1
3612883910	2
6399415850	10
6857674423	1
6681393212	1
5050867834	1
3899200812	0
777705305	2
7787641977	2
581030355	1
1634815619	0
7796728861	2
5239743061	2
421853754	0
3025159850	0
2021849676	2
8068437613	1
2366012895	0
8768134383	2
6360827804	1
5404890886	1
3861067342	1
6469861699	1
6294819408	1
3712609149	1
1000908841	0
7092995069	2
4211802763	2
1391794235	0
3092036275	0
3631145552	2
5165661741	0
8573968227	1
7085270580	1
6973925657	1
121016029	0
494121829	1
1455024839	0
8237772643	9
8574470312	1
9368089122	1
6892347979	1
9458679059	0
6096757093	1
3666075690	5
8837022774	1
9971551403	1
4107902809	4
575826775	0
5163664689	0
2433981481	1
5140770301	1
6084281104	3
341261813	1
6632172921	1
9417952410	2
8762765994	1
5374900442	1
9275483673	1
6733555194	5
1188990128	1
1126928115	1
9971833067	0
8272133353	1
2940775250	1
2210288941	3
1795963099	0
3066088888	1
6669806891	0
2134848777	0
9444654745	2
6649083708	0
9452652949	0
3816475916	6
4959763135	0
3320255988	1
4127686001	5
1787135911	0
5625770898	0
4310738653	1
3186592026	1
7544598697	2
4446867115	1
4468191118	1
8750057439	0
4469154661	0
5417654316	0
9929249128	0
1189649502	4
4265306054	3
9659734933	1
2455582157	2
5827508224	0
8822451339	1
3060519673	1
9424432182	3
2552051738	2
3647716693	0
5144752389	0
5261250270	1
7575824801	1
4183480644	0
6965807273	5
8125535833	0
2205318349	1
7072746281	0
1032664975	0
8392424140	1
4967736133	0
6178465486	2
4241531514	0
1188816168	0
8373466783	1
6117838651	1
323542561	0
4355802893	1
4353602562	3
1066426271	0
2823169336	4
1036952493	0
7981598591	0
8679930999	2
6344960812	0
5266288087	1
4543366058	0
4277956731	1
3148290024	5
3009176447	1
4223541835	3
6343588433	4
5866775064	2
7598163176	1
7411686847	3
4262449224	2
2518380754	1
409412915	1
694592803	1
8315398096	2
3242410797	0
6035324631	2
8621073505	10
3029477153	0
9124480502	1
9359253422	6
5310842420	1
9637093116	1
5216936638	1
4483964574	1
3745255453	1
1949850843	1
1951916011	0
516224513	1
6956101681	0
7128583348	0
7816220968	0
5166944687	0
390778342	1
8886966654	1
5875815368	2
2225119088	3
7715273570	1
7363616992	9
6987256464	2
1843377871	0
1424848077	1
4460932340	0
5241021422	0
6927243499	0
716685661	0
3493617375	2
9926365246	1
5140313352	3
1448667119	2
4869757856	1
2401725141	1
6025558040	2
2526708994	2
3591540285	1
8676309881	0
9789696386	0
4029602548	0
8372145117	6
1901912137	2
9628763830	0
2490475291	2
2009291305	3
5265362158	0
4282673292	1
5924693724	1
1039751251	0
5305391950	1
3836297244	3
3361416112	1
3687579132	0
5822017181	0
6438643242	2
8722688809	0
3465787164	0
4596583214	1
3297070329	1
4182137265	0
3496321439	0
7162581143	10
9583470247	1
88943555	0
2047440708	1
9526457926	0
5515023168	2
898531523	4
7073979401	1
2663107661	2
4562409654	0
638352392	1
3861068651	0
746486081	4
4821281886	7
4189148342	3
6033353322	5
8209599935	0
3511129675	0
9847720386	4
9981512950	1
7525864502	2
1299878401	0
1477811185	1
9285642638	5
6537881170	0
1550362715	1
7489850608	1
9821554836	2
8184559314	1
573344559	1
2710044770	0
7830313432	1
6390608108	1
9807039478	0
1985203952	1
6622517305	0
9215520345	3
9362271023	0
6921578356	1
212976411	1
3178329969	0
562132594	2
4821211702	0
3526525384	1
3824818320	1
3392513826	1
4220353298	2
3105835906	1
8299029764	1
6798403825	1
9091201983	1
5832793600	1
1925612704	2
368937237	1
1077224233	0
7052542773	0
5427003799	1
7473766740	0
8829213246	1
8560506152	0
1656652339	0
3796839427	0
4531429184	2
9233245823	0
9755892564	0
5084250318	1
6303501327	2
5684400921	0
8474270482	2
6451310728	1
1369753636	3
3837205825	1
1285599496	0
1908009150	0
4199916818	1
6786786896	1
7232879271	0
5269138800	5
9015674094	2
2254004589	0
2389838515	0
3306108022	1
9544688732	0
5695834478	1
6061862691	6
6758705496	1
5263498053	0
1714394663	1
3114445948	0
185105069	1
8678284031	9
28284230	1
8039891728	1
3817786461	1
3410399177	1
937564842	1
5176410105	1
8609176473	1
8104237136	0
139974010	1
5264942588	1
6528028630	1
8323926393	0
9138527637	4
2273816633	0
8136305724	0
2365780434	0
6919146972	0
7949740282	0
1575659892	0
4452087097	1
9454452528	1
9078944877	2
6107877588	0
2495820451	0
6099907894	0
5992379516	1
6165861684	5
3406536293	2
5810460358	1
3248710579	0
6052102342	0
3816991540	8
2420429687	1
5249498116	0
1328152817	1
9612220159	1
5571667965	0
7896911317	1
1995680109	0
7655750807	1
5166329443	1
2517493842	1
5583558888	1
3834254312	1
1711630759	1
5537205310	1
9030131193	0
5341640208	1
2326456744	2
9347617334	1
4453005562	2
5101516086	1
6909849467	10
8410631215	1
8867519772	1
6885061225	0
6931691970	0
9848045916	1
2393519041	0
7808487578	2
648204100	0
2709679970	2
2900315313	2
1457963353	0
5668487773	0
7628768213	1
1381944265	0
9691037476	2
7914178475	1
4144281898	0
352631943	1
5738860188	9
5422992346	0
9458505194	1
4886092747	0
2848772246	0
2621057085	1
9665725384	0
321282136	0
6248988606	0
4990044405	3
2679027715	8
2903554487	0
8882451342	10
1541245230	0
7374728839	0
4775370060	0
6869448706	0
4930780559	2
9852328784	1
3999881528	0
5008719868	2
9866635777	2
8230208122	2
2079115991	0
4475669420	6
6038714010	2
7441479148	0
3642751744	1
2176268957	1
5898401316	3
2253796084	0
1548037832	2
1156920900	0
8168643130	1
8092575981	1
2440909274	0
837671885	0
2065033867	1
6425330039	0
3956979222	1
653088275	1
4038677075	2
8754918117	1
2893204024	2
5238881623	1
3440851442	0
8915089094	4
494656243	3
4524134287	1
7232715377	0
4230371336	0
7087945545	1
6942722643	0
9508941425	0
7971438224	0
5998258473	0
837434561	1
8107039710	1
4739595208	0
1339876563	3
1628359937	0
1772617315	1
1329261407	0
7149502042	0
5765775499	0
9507609004	1
9814429794	0
8893465481	1
9572815116	1
4774142356	10
5076522574	0
5511395939	0
4623892138	1
1732429292	0
2326214787	2
5316990322	4
1551062653	2
5789234276	5
5269560558	0
6183074396	2
7353474504	0
9533806331	0
5427885077	1
8064197839	1
1655879516	0
8393658999	0
690037397	2
5401761885	1
9754344080	1
4751816718	1
6828006698	1
6776046000	3
3088658270	0
9931783040	1
3393468009	1
6635979412	3
9533859944	1
9632959693	2
5925668659	0
3282186402	1
597853614	0
9908303700	0
6100799526	1
6958126008	5
5483602935	2
7271225774	2
72794501	1
8828561773	2
8429624812	0
700157068	1
1202990527	0
2558179704	0
5905501632	0
8141299387	0
5607283395	0
7210508029	1
2719250900	0
9093685718	1
4478164034	1
7014571828	2
3260782116	1
3685471188	9
7227783644	1
7847554712	1
6991357264	1
9978137790	1
7945337369	0
5867003287	1
9946470464	1
7595812226	4
2851107288	1
7223555690	1
3405047139	1
729165122	0
3093408195	0
3414394050	1
6429412886	0
6522821514	1
6219083016	0
5258315475	2
3264510599	9
2213898444	1
5669306231	1
3033097064	1
8443603708	0
2942200189	1
4614223847	6
1603093548	0
59586871	0
59475133	1
8641048055	0
4821548782	0
5782674787	0
2685135840	0
9578489765	1
5409760054	0
8344705765	0
3179316421	4
4517095073	0
5252708386	0
7830149120	1
6988354769	0
9740483458	1
2749598052	0
2195629738	0
6850065197	0
1836619930	1
5470901036	0
5879758005	0
2035932150	0
4104167865	0
9017740875	1
2075473505	0
9164697123	1
7331461423	0
2294437470	2
2798661238	6
6595814885	0
4606959328	6
5883886565	2
1398141248	2
3032166920	1
3107769326	0
7577551907	1
7775314487	1
9544662825	1
6920604134	2
1093555782	0
5758402466	1
5483599093	2
1126220623	0
8697896182	1
3318815015	1
2123039224	0
5554862127	1
9972962159	5
8734494756	1
1134125875	1
4844673896	0
174999294	0
3773878961	1
2205817813	0
2575330358	1
5180376820	1
4223634194	8
7675581434	1
7233490383	5
8860079359	1
5427306657	0
5138065812	2
8397403501	2
7052175110	1
5835705746	0
6629425265	1
9631457857	0
4953360352	0
2330654892	2
2710743535	2
4302049835	1
5296746287	0
628139482	1
5287901459	0
6119648970	2
7710118200	8
500443225	1
9188555877	5
6974111719	1
8916783957	0
2389938114	5
9507197017	2
291312136	1
2121835149	0
388924876	2
7635991936	1
175295705	0
540665094	1
9620918411	1
2299557143	0
8840558724	1
8935271907	1
5687950104	1
8750519313	2
655515205	3
4056386544	1
3795942487	0
8062993256	1
8663476446	1
8367687233	1
7849971925	1
3976443648	2
8536862358	2
73810249	2
5826558157	10
5710365874	1
7415621392	0
7129453903	2
1337287055	0
3561336443	10
612903133	1
8374643527	2
978960567	0
2970312744	10
8617484084	2
1260082508	5
3992415225	1
5787050391	1
7622719633	3
3910567861	1
4229159426	2
5643064581	0
7762159427	8
8742097951	0
5110387759	3
6175737506	1
6045778417	1
2122263353	2
8450631162	9
3814713470	0
3179792046	1
8745538168	0
7921561941	0
465550573	0
49622870	6
5483827991	1
8536539547	1
9203038150	0
6111365103	2
9650269391	5
61497901	0
4093235831	1
723944394	1
5875692446	0
2836486240	0
6116544731	1
7115082678	0
5931400853	1
870740908	0
6597797445	2
1250694086	1
727367169	2
66337376	0
7883760299	1
1498338899	1
773793733	1
6733131485	1
299946083	1
2693483373	0
3602415683	0
9569985999	2
554917639	0
2870728999	1
737368770	1
1660278855	1
5228261003	0
8387711520	1
2161763691	1
3308313232	0
6199885740	0
5525957899	2
9137276932	2
6591592984	0
8914244598	0
8511922365	2
5100474086	1
8667569415	1
6081419100	2
2246616187	1
6582408941	2
2111996495	0
8198293142	1
2465874790	1
3099325290	1
4933573304	1
5618846968	1
4174987776	2
3222492495	2
6970569579	1
8052204728	3
2542048921	0
1773639736	1
1305114310	0
1609349373	0
254794049	0
7193637021	0
1834960333	1
2249919769	0
7215618462	1
262378656	0
9720326723	5
9541238456	2
1131624656	1
255832279	1
4409997082	1
514192286	0
1036415470	2
562105988	0
8923883032	2
3147392811	1
6007489778	1
965487766	0
1494351955	2
3555835496	0
5154199280	2
8846117589	0
9324384637	1
9477146820	4
7714440879	3
5250534279	1
6253888637	5
9927326157	1
3531503671	1
365213355	1
3501777404	1
2500579008	4
3435438709	0
7856697950	0
2345398796	1
9938984303	0
496337708	9
6605624682	1
636163417	1
8461829651	0
640447057	3
4348793511	1
9010461723	0
3647100996	1
6638285644	1
721768716	2
6798466350	0
571249583	1
5760265006	6
9674254373	1
532752162	1
2965379750	1
4274657473	1
3359439576	0
1518320128	0
5533222267	1
3548262497	1
4553793369	1
2887124659	1
5399761541	0
7158572267	9
6887785794	1
8356599800	0
1789973138	2
656513706	1
5872003026	5
6207797521	0
6535964027	1
4507016046	1
3036074919	0
7775490314	1
2582494606	3
8791564318	0
8387525297	2
9881190298	3
22281334	2
9292808826	0
1376006558	0
5310327614	0
5985910918	3
2174360677	3
9994438576	1
2011566120	1
2785640774	5
7868140335	0
4163684828	1
5656786138	1
4717531742	0
6641270518	1
7383365732	9
3937009586	1
1778809739	1
4668215613	1
7708196079	1
3727700129	0
4651878661	0
1601939859	1
2734628654	0
9165953962	1
305551989	0
1987636422	3
9521617242	0
9950542678	0
5154064086	1
5979697041	1
931200854	0
3196236336	1
576752713	0
6708589182	0
3950311806	3
7175212322	1
1905729180	3
1187570404	1
1757374802	1
8854037683	1
1544238959	2
8469534001	1
49247036	1
9796099387	0
2550534910	1
8145641972	0
6445971890	0
8282337162	1
5921705548	0
798249568	3
7921077990	0
8419186492	1
2727495678	2
9726744105	2
5588058407	1
7506187709	1
2336869197	1
5987252847	0
2469190103	6
3928681744	2
5766538446	1
6524959734	1
4942308766	0
5989177922	1
1277722904	1
5456601771	1
7629942009	1
1669955471	1
312832224	3
3316099372	0
2137646598	1
9021596250	0
9239880847	0
6502992052	0
7259617407	1
646817503	2
9943809806	0
8354549164	0
4159613114	0
4088771012	0
9972876875	1
2935666536	0
8215665964	2
8923507774	2
7650736219	8
2012311671	0
486434421	1
8911336316	0
3072780736	0
2266277403	1
9852868069	1
7207848573	0
220541845	1
3943611812	1
4394027963	1
1288551520	0
7650528993	1
3352363275	2
6882359158	1
6756091664	1
3783917182	3
4060575239	1
4195278948	2
1112019542	0
9206113345	0
1410900558	1
66595579	1
2048459712	8
3524515284	0
2677307692	2
9302133862	1
6337179591	6
3698105306	9
6351708817	0
639387307	4
7522847934	1
9729699482	1
5187076963	0
4120648393	3
4844756803	1
190525100	1
5885895733	1
1975320125	1
7983975408	1
7343229178	1
2030216914	1
6496181044	1
5444844307	5
5168265842	0
2645251897	0
7427687733	1
4127035030	8
2136444515	2
922305481	0
9983683681	1
4773027628	0
9179990800	1
8055383376	0
3100517141	2
5820691211	2
213006330	0
1181298966	2
7449680289	0
4209182367	2
1212049133	2
8865847454	9
497081980	0
3238549946	10
7048638423	0
4463165631	1
2662977852	1
7105802899	5
2375563556	2
9160143371	0
3752556623	0
4322858010	1
703431151	1
2224998256	1
5656838669	0
7333672377	1
3869318940	4
1563620722	0
745443119	1
7426143402	1
6328140489	0
5663483713	1
4705350350	0
8372874438	0
2968759787	2
1012123555	2
210240828	0
6142392840	2
3210261852	1
1871733188	1
8055447610	0
2218190845	2
5367025314	2
9216826007	0
6088782958	1
2682199068	1
1929736766	1
4831293927	0
7079656941	2
2658883454	1
9772762855	1
4149724723	0
1698175515	0
8165873356	0
3625228468	1
4723908193	7
2418065637	3
736469412	0
522939177	0
9381045575	1
6813792423	1
4860103814	3
6941098368	1
601876373	5
1212267256	1
7384566778	1
666213539	1
9612053767	6
2689700497	1
2526600945	6
9631791734	2
1251383153	1
3366613805	1
7863170653	5
6517934626	0
2534782233	1
9368033663	1
8050670484	0
2389711269	10
9364278558	1
5984430872	1
294333617	2
8258400710	0
1046566535	1
8609335343	1
302989731	0
6849600605	2
3617487539	1
2022735106	7
7295172272	4
785456532	2
4740628819	1
2595922573	1
8108694163	1
1380587821	1
6758032671	0
6655177246	2
8330581018	0
3970231049	0
3678761931	1
6582341806	1
5627872766	0
6630473431	0
7156734060	1
7480047450	1
5638983400	1
8106461875	4
5276686006	1
1887517434	0
5986375886	0
6747642549	0
181752125	1
1409790969	2
1952316280	1
5095960133	2
1919200285	9
2917215	1
4988392907	0
2343200806	2
2181992320	0
3177810302	0
2319612469	0
7974582836	1
6850091838	3
7525078846	0
8606143021	1
4056432471	0
9464392472	3
1509983640	0
2012367566	1
6397975184	0
1042406339	0
5669041678	0
8192653419	7
3393869597	0
3316804883	1
8179852278	0
2962102677	1
1617999521	0
4717386526	1
5347484528	0
9113561927	2
2920108044	2
879790994	2
6834670327	0
2674343561	1
7864955549	0
7391946984	1
5021810538	1
4873075125	0
7176756870	0
5422231977	2
3476895867	1
9030344199	3
8224639462	0
1279320212	0
8582917621	0
6594332926	1
1258552214	1
8309884782	1
5676936066	1
9562033469	1
2825394838	0
8998543910	0
7174862283	2
2628357669	0
7228736036	1
1783348927	0
9871580433	1
6255257999	1
5040317304	8
8877042466	1
2711561713	1
2461397585	0
7705440500	1
2615005056	0
6105083560	0
3054455202	1
7321484176	1
9981644007	1
696454234	0
4899774846	1
2681102737	1
666575602	1
2111229547	0
3207033706	1
9145090502	1
4940004705	1
2799311243	1
7469467549	2
1982854556	1
5694632857	2
8933967802	0
6874808388	0
3153096580	2
829299488	2
7794866642	5
6424474439	1
2786562171	1
4763534666	0
9926120474	1
2516712786	1
8258563789	0
2036164839	1
647158817	10
3349415808	3
7969619165	0
8889799564	0
4970558987	1
2247616847	1
337132931	1
1537867221	0
5237284121	0
162455960	0
9058314786	3
6449992903	0
2627900593	0
6374309586	1
2414287507	3
4845459298	1
7512135180	2
1287068479	1
869522289	1
9452075412	1
8997245819	2
3687021518	1
815778378	0
1852746781	0
3617356354	1
1323947612	1
6486914072	0
5956558872	3
1985988712	0
7842742178	6
2597794479	2
775553535	0
3181181360	1
8149933477	2
7125233713	1
6231788357	0
7154697152	1
262742935	0
7455413235	1
5280770391	0
4400604522	0
9370639361	2
7510699363	6
9006620149	3
13736481	1
8929202488	1
8776120919	1
9358567453	2
5759015911	1
129798707	1
636852673	1
685348949	2
7505137738	1
8553136835	4
6483676946	2
9837234192	3
9324729132	1
5111151830	0
1240952671	7
4810536767	2
1452761710	1
9568572354	1
3071347319	2
9363563626	10
1470939687	1
6979069951	0
8201861970	2
1693552039	1
2863007901	2
7813374501	0
9619738313	2
5671352259	5
8704950132	1
609522805	4
606633573	0
9803355507	0
406996664	1
1413519098	1
1193497689	0
8738979052	1
1768508809	0
4791025444	2
5943125367	3
2251959234	1
4507576256	0
4995375788	1
8391326682	1
7162719663	5
9974066324	0
7733393536	1
5475659487	1
9020898861	1
9435811401	1
9972057370	1
3869389628	1
3740362597	3
4194286480	8
3121542397	1
6780720672	0
6414647069	0
9817393246	0
470066082	1
5667202198	3
44021597	0
8944413001	0
3857540577	1
8204219037	1
1120099314	0
2656627439	8
539140803	9
32866435	0
6643858010	1
173381532	2
9055104443	7
3741968330	1
7308803709	1
158160541	1
75092956	0
78450242	2
6615909910	0
1247287686	1
1512858640	0
1216355292	2
1669042987	1
662079031	0
8526059175	0
1768486801	1
47955078	1
4518454025	2
8664328328	1
2656814899	1
3067302011	1
394135683	2
1669884594	0
4791617851	0
7975580593	0
4722031516	0
6527168219	4
2241809477	1
842443046	2
1065734621	1
8156946150	0
7827605676	0
8414767305	8
1670598693	1
9215514933	5
4937511661	0
9512231101	0
233738669	1
6605956680	0
4694472818	0
349841818	0
7059529847	1
7404608123	9
5835669275	0
422487545	1
5161133028	1
9479384971	1
5990548490	1
2575033608	1
3258225095	1
1919418708	1
7340388591	1
4996005636	1
5002619694	0
9503284683	1
6532581624	1
7028000763	6
933198794	0
5321811527	1
4968304342	1
6227263697	7
7201000645	2
5290064457	0
1797789619	1
544939609	3
8474301824	0
1645974110	0
1674483293	0
5152768016	2
3528288450	0
6505855553	6
1680756957	2
1606507932	1
976889623	1
4778459686	0
2540145132	1
1227116639	0
254760936	2
7042288290	2
7575054950	2
622245969	2
1858381621	2
9879691081	2
9428966807	0
6503389654	1
7910866248	1
7082219813	2
3117082249	2
9756692853	3
5869839268	1
3387103983	0
9307576075	0
2238070228	1
658245397	0
6221519484	0
2693868531	2
1085569370	0
8961513832	1
7058894943	0
911205800	1
8969378695	1
8177799668	1
2843886896	0
2950727916	4
716036284	0
6177735072	2
6146438761	0
8970313893	0
5475672941	1
3352031744	2
8904858137	1
4224035489	1
9896660804	1
6140331810	1
1527285630	0
7894516039	1
6414164506	1
8365481521	2
8706102301	2
9737462530	1
1020220396	0
6437882281	1
7064511162	0
4818195160	0
7802417628	1
2080727909	1
4241884018	1
6390349792	0
7078948263	4
3294774733	1
1297626508	1
5994484144	0
3976046218	2
9145317181	0
8682242374	3
6364120872	0
8328156845	0
2527168819	1
3866973106	1
1811064392	0
155150728	0
4160950867	1
6207731673	4
4050914559	1
2272759109	1
691031731	2
1841631792	0
2108146336	1
5358942275	2
8408694928	0
5749702620	3
2965059427	1
5273927563	1
3289577556	0
8921655125	1
3212605742	1
8386188284	4
291332732	2
9124851665	1
8682040667	5
6614569708	1
6258162737	1
5125414392	1
7521939835	4
6784600548	0
5156379060	0
8638680608	1
8885333485	1
6695779931	1
527184423	1
7704965981	0
9469068409	1
2582000806	0
5333355881	1
6072138753	10
937069200	2
8929894475	4
9985800337	2
4049901176	9
1584523188	0
6048462622	1
8688894238	1
5680002710	0
5824341999	2
2076682877	3
6311252532	1
8875435152	9
994194865	1
4634544597	0
4360448788	0
1333002237	0
4250351299	1
4974227520	0
3535032128	0
8507852180	2
4719539514	0
5630814357	1
9770645166	1
8554430402	1
7665241500	1
2491524812	0
8132886943	0
3758131250	0
3709627447	2
9441546672	3
6926260327	0
6913215786	1
2214871663	0
2509430407	3
8827203808	0
5127632247	6
3862195873	2
5204071755	1
4984406861	2
3007843744	0
8976766693	2
739704663	2
1549735722	2
6269709562	2
4004518461	1
8781100192	2
1277601040	2
4745628397	0
2316846257	0
2442366113	2
9886828867	1
8559275084	1
2936134282	1
5800178315	1
4512280469	1
8083755997	0
7850912069	2
1241528475	0
2509626865	0
9628489698	1
1799327317	1
1488759008	3
9619192400	2
7720297178	1
3780210928	4
6467610155	0
4821140599	1
4784074017	1
224954887	0
9897229740	6
2629780527	4
8483598304	0
8433113131	0
352220151	0
9463631797	1
6586535235	0
2478967614	0
2088791599	1
1417462600	3
6448212996	1
8109991618	1
1046174363	1
5053856710	0
8207524577	0
8744004979	2
5374558782	0
7558723252	1
3848986922	1
7735472514	1
3967904178	3
1656905825	1
4090343259	1
2974540721	1
3323597040	0
6740056181	1
5220162545	1
8783786611	1
4864984870	1
9752823264	1
3767932547	1
6360156211	1
4064363805	0
6424240423	3
1864911369	1
8990141431	4
8081154837	0
5750046920	0
6554497334	0
1919108585	0
4442758643	1
6942485586	1
887882317	2
4346321309	1
9350061179	1
9354604651	1
1517816546	4
3864619614	2
3551471665	1
2840118415	1
9559428298	0
9541171035	0
1494735819	0
3016579480	1
2744475342	0
6380258893	9
1976997309	0
5880399600	1
9131237064	0
4250377443	0
8469459935	0
6976298194	1
7115040847	0
5663280204	1
3877033933	2
6939779423	2
4765574944	2
8432391122	1
8306634484	1
2868963763	2
5371517096	1
8666163098	2
2881365356	0
1885458697	0
1115907121	2
2452927941	1
9318916922	2
4084108386	2
335159104	1
6058975858	0
9320114358	0
5663764889	10
8528825029	2
40168647	0
2150896615	2
8152279947	0
7673059893	1
5542731988	5
7358263154	0
8643039583	2
1084487702	2
3205422760	10
6647214659	6
9154457624	2
612921286	0
3795651880	1
6712061606	1
3234538476	0
3226781929	0
5986384765	2
1992584375	1
3062580207	2
3546794846	0
4995812343	0
1608650114	0
2661113454	1
1615677123	0
8706903729	1
1521258335	0
8360282719	1
2854321309	0
3938890500	2
7941858029	0
3339827367	2
168212136	0
1548429285	0
2115164156	1
2745072180	1
5049497697	1
1593991142	2
4885635669	3
7261426492	1
6049574291	0
9878194459	1
4101901194	0
2241879365	1
8941881759	1
2024584756	0
9553363490	1
6044982799	0
1821899661	0
7565530293	2
9901651572	0
4311791656	0
4778714585	0
5603559701	1
9870771160	7
9322870121	6
662718352	1
732813675	1
4597248571	0
4609401231	2
7521452958	0
941805037	4
8001222416	1
9976380247	1
7499820814	0
8702463823	0
7154227224	1
7694678050	0
9333778407	0
1174330891	1
9574195797	1
8890242614	0
6061819854	1
3648152118	0
4998029134	0
2366390146	1
9452359326	1
7239026988	4
3278265201	1
3316766645	1
2516063271	1
5571473271	2
1920823190	2
248661844	2
9190177479	0
1895637161	1
2292535250	4
3734815114	6
3662901506	2
9564340701	1
4922058293	2
3203418099	1
4401741378	0
2549221755	1
8455047747	3
3401078624	1
9579629481	0
8158264241	3
3562438605	0
742904634	1
7474271525	2
3207658967	0
3016807959	3
6543495671	0
4024992311	1
4437948086	2
6768997467	0
5167547607	0
320737206	1
2880320914	1
8282284701	0
6844103138	0
9639077061	3
4412029018	2
4988611075	0
8714667418	0
769640033	0
4750283064	1
8123589625	1
6441385292	0
7744297225	0
2761931201	0
6510348219	0
1185219723	0
4766639751	1
7989668967	0
22610604	1
6428453817	0
4197611577	1
726883252	1
9976464501	1
770251638	1
4398953204	7
863456235	0
987677530	2
6031013673	1
2301664029	5
7288705564	0
5271897559	1
1716205275	1
530315216	0
1053862865	1
9048421746	0
3465929398	1
8581615474	10
70792899	4
1485355129	2
2731725465	2
8624396030	0
2265581126	0
988336091	0
5930092414	2
2204574008	0
5262783712	3
4577642462	1
9574358029	7
922696589	1
4015873994	0
7607762945	0
6718021704	1
5328443100	1
3112228740	0
1064799299	2
5553783424	3
6006670857	0
1742215906	3
2415967432	1
7453253042	2
9281478920	1
4196066615	1
3730183939	3
9393511092	0
535550235	0
7913189384	1
5772408630	1
7550379065	0
8609432684	1
9718784854	0
3055148877	0
660018210	0
8559857759	2
9304614910	0
8550490801	1
403336283	1
1196788294	2
5918373456	1
455404889	1
7622692972	1
5035404255	2
2801595685	2
9245155922	1
333698649	2
5806927392	1
3222244840	2
1399234045	1
316471145	4
7706490560	1
1727573767	3
3130324464	1
6159926993	0
4794013149	0
1509745173	0
7715825946	1
9357916591	1
908359730	1
1454304840	1
5103185409	1
2555183019	1
6529156069	0
4768336851	1
869318083	2
2220392042	2
951956357	2
9855199119	0
2635899873	1
4769910138	1
6289822624	1
7417601289	2
8029018483	0
2507720803	1
2303457681	1
3754617510	1
6141215150	1
976775169	0
3714410350	1
3534951375	1
5119405298	3
7028678112	1
2141534115	1
7601457050	0
7426544643	0
6717418060	3
2994577101	1
5706082535	2
9067064195	1
2778253719	0
3569542889	9
3888342088	1
5723842911	2
8197888031	6
4372521204	0
6611476707	1
4394939976	1
1859502594	1
5816677908	2
1687971687	1
9070961130	9
5654555353	2
6291797019	0
8465878879	1
9445573408	2
7400204028	2
4301878959	10
5349500516	0
9595290016	0
1413413611	1
8446160021	1
2764114263	0
9275979993	1
5382029129	0
8318775655	1
6857305707	2
5755116247	0
5969232688	1
9460427693	1
9239107991	1
8555447697	1
7080157962	1
6574515067	0
1462766857	1
6651400003	0
7674810422	0
271390612	1
8554153078	2
43231215	1
1632389986	0
6986473289	1
705043677	1
9208827533	1
7871323394	4
1289487505	1
1014636162	0
651286924	7
3713172855	1
7130331132	0
7217208021	1
5034259222	0
3058427907	1
5506303401	2
7158791258	2
4896151717	1
4953287452	1
3044409396	1
344385140	8
7909120625	0
4667952878	1
697085602	1
9666581710	1
8793541744	3
9340207780	1
253060842	1
8549232263	6
7506392827	0
6285249762	1
9760956844	1
893288819	2
3893905315	0
3280356381	0
4442164543	0
8339248612	1
4156673922	1
2576522647	1
8258455486	0
4888252474	1
8593120285	0
1949526577	1
3460288288	0
5793792268	1
9438636824	1
373111428	0
1860207757	6
6732631580	8
2817863987	0
5064031740	3
8862742609	0
1380729469	0
4142899537	0
4997413912	0
157955109	0
1659503489	2
1928968897	6
5939289570	1
2619660126	0
8308036378	1
6253590014	0
896182376	1
8293006687	0
2419353601	0
4796568652	2
2313840819	0
6370587454	2
4047356713	0
5050353652	0
2369722026	0
2897235761	0
2852717230	3
5233313461	1
6415881397	1
2055017380	1
1464042891	10
3227825551	1
2230273583	0
6982710185	0
9081250232	1
7075569039	1
7558314772	1
2752276608	1
5801724484	0
5516587496	1
2406635871	2
3984588978	0
4373322193	0
6678965915	2
5944505835	0
7727825756	0
7190490486	1
2847371632	6
2648563760	0
8611166284	0
5189580095	3
4716984662	0
2134519765	1
7222138560	1
5147798229	2
1577558126	9
3564164651	0
6045045567	0
4220159801	1
5755239230	1
6090353237	1
2661956005	1
3776508422	1
3520745692	2
3847431006	6
4755663729	0
1398658128	0
4561895255	4
4824193123	9
6263072518	0
6793729315	6
4506936275	0
1732632475	3
886177297	0
244228966	0
4578461415	0
8365993096	2
8287261872	1
1239121151	1
3089710936	2
4342414679	0
2394982572	0
7261132889	2
2211260486	9
9368279509	1
7035425505	4
3973722335	0
1266666545	0
580645303	2
1134909578	1
7324296383	0
7123899027	0
6429927553	0
7252964000	1
8312908487	0
8609057553	5
4085747635	1
2157078973	1
3689892587	3
4910596683	2
7261144096	1
3244395235	0
1099516198	9
5065223711	0
9186166001	0
4164504947	2
3361152009	1
5428151703	2
4382603780	1
3565235075	1
4312381022	1
1607820555	7
7218223908	0
1051213706	0
7665800483	0
4461739638	1
9616140776	2
4636721623	1
9441803455	2
8210999726	2
209087221	1
7102127952	1
259465146	0
9742496952	1
7347215426	0
1239218320	1
4765521585	1
9750435466	1
1745549479	0
5559086342	0
1211097930	2
313797932	2
8482372890	1
5772010660	0
978739520	2
7721155943	0
9383450863	1
4060593091	2
328760913	0
1849541375	1
2955490929	0
3554672356	3
7363592992	2
9948642977	2
2634690154	1
2718672618	0
9247749560	1
9107967946	1
1917210346	2
3156785282	1
7306985813	0
1700296100	1
1220539977	0
8332264638	1
9080361625	0
3895965215	0
4919322995	7
8993161151	2
4644501386	6
7468340060	1
4133406519	3
8105884993	1
8887202012	1
6478252899	0
2879402342	0
6427629621	1
3732011492	0
5127006637	1
3514654311	0
4835702276	2
2399257972	0
8281889924	6
1026488145	0
7890911428	1
808911989	1
4376228304	9
9227321368	0
2088192726	1
4174267720	0
886118982	7
4005165025	0
4309555993	1
1760401680	6
649754454	1
1366889953	6
9208678373	7
9226500572	1
2870787911	0
5233247694	0
7683896162	1
1426832166	1
2913146907	2
4771324886	0
1619644929	1
8137449994	0
8702398995	0
1558798692	1
6409267399	1
6433621119	0
2725366532	0
7905456260	1
2590895367	0
3146968869	3
8568774460	0
2892576573	2
84851611	3
1858591919	0
1599038586	1
3335565447	0
4274245097	1
8742809668	0
7808530362	0
2004562842	1
3071314990	1
8730878693	1
9148983580	1
6830980350	3
9627008778	1
6108996724	0
7485333505	1
3326678304	1
5290782306	2
7023055459	9
1999241035	0
5758053477	2
2605079092	1
1828588873	1
6208362223	0
4117140885	0
7010349230	2
3255695027	0
3052686673	1
7506044975	0
175866555	1
8143064937	1
334083042	1
7091906813	4
4180382613	0
8132621806	0
7111224291	1
2235012969	0
2485085069	0
3245561780	1
3610806888	7
6451659869	3
6036532804	7
3423426596	0
1559218288	0
9041236345	1
1812612510	1
5695806264	1
9496768130	2
317465009	1
306189630	0
6080423508	0
4800468981	1
3968227653	1
8002615775	0
5336404261	1
311613116	0
8376426933	1
4514188480	9
1614963098	2
7232659351	1
6147600959	1
9304916601	3
1230409750	0
1680459589	0
4154743873	1
3663541013	2
3707550600	1
6125425647	0
4839688956	1
5033071666	0
621464173	1
8492696509	2
5003398449	1
2586454156	1
4807172047	1
8718538426	0
201837745	0
6314621161	1
1143311659	1
9202757081	1
7572618844	1
4427425026	0
5793704644	0
3054920479	0
4697280665	0
3294462993	0
8021032353	0
6013813420	0
4882548283	1
8910224421	0
8035823483	1
4873343069	0
4084135030	0
2253480981	0
7339131842	1
9268806389	1
2346813694	1
695280340	2
3404508571	1
1612788737	1
2187887628	1
6899501174	0
1960059295	4
9133915026	2
7860068681	1
2680204408	0
4080844671	1
8753576237	0
9040197271	3
5376124345	1
4712654723	0
3990749056	1
3181389217	2
9808537193	1
8347611424	0
7015125430	2
7394790075	0
7018727955	0
8573181426	2
4694169066	1
4308911136	2
1529722227	1
829660617	1
6691145021	2
7702629638	0
7401878220	10
9180203998	1
9084550702	1
6739681229	0
2761740186	0
182239906	1
7026078049	1
4223607581	0
3591884490	1
3503815402	1
9717323243	1
7050497431	0
9180775364	1
9373746790	2
4183604565	0
4508824340	0
1587930811	2
7638015229	1
6188649288	2
2637418294	3
1748893181	1
8850208522	0
8451664003	0
3023813681	5
8155202222	1
5672267043	0
2335021732	0
2914651796	0
942731695	1
1716370499	0
2841919245	0
6584026587	7
5953291579	1
481844406	10
1210617536	1
8394133837	2
790252610	0
4883785030	2
6970833883	0
8598629116	1
1788272839	1
3452563867	10
5347539203	1
6061450135	0
9567500636	9
8303742689	1
4707272934	2
4034085270	1
8940647540	1
2123292210	2
9088228404	3
8230150549	1
5194722022	1
7822262151	3
9781131395	0
4321231753	1
2762135652	0
5565789711	1
5239714562	1
6362183032	0
9066951306	1
2842957773	0
3517462610	7
7861701147	0
4093077772	1
3616210099	0
3810050309	0
8206663318	2
1639098685	2
8566320362	1
1601965602	1
6575035351	0
3815098857	0
3399862784	1
3520799043	0
1956991247	0
4757444837	1
6495983081	2
7433410608	1
817991122	0
9186072396	2
3407099223	0
4254023340	0
6846167578	1
11452309	4
979982150	1
5886871112	1
331851377	1
5656473493	1
3065448799	0
8393026790	1
211703249	1
7691210644	1
5886617783	0
5865271192	10
2029753949	0
1249049450	1
8375729179	1
6598316141	0
9100336642	2
40109120	1
821748106	0
3329043708	1
2461469227	2
6666385259	1
9252419108	0
1526103103	0
864794144	6
9781205099	2
8744988389	0
4306912907	6
3576564168	1
6223301313	2
8684672120	1
9545318801	0
1561429427	0
7668970570	0
3301524860	0
9025333204	0
5328748354	10
7952745571	1
6768065785	1
9523139225	2
8856841965	1
3484504330	1
1888140912	1
2598894593	1
4950703770	0
3492155426	1
3799330435	1
2333766473	0
5945639465	2
2521468597	7
9797842341	1
4970023834	0
9732770662	1
3944010770	1
6281656927	1
2054806535	1
3136026341	2
387775590	1
3824236400	0
777836757	1
8916816781	0
4529974087	1
5713918011	2
4403265061	1
2287631382	0
2702593960	1
2723724780	1
5215807248	9
3449648617	0
9564456032	0
5445233292	3
6251169316	2
9983761608	2
1236264724	0
9034998295	1
9537928057	0
5334339357	1
7771950169	3
1871620468	1
452097363	1
5669859158	1
9715529297	0
4271815483	2
6692065401	4
789310692	1
5250569328	1
6629014522	1
7855996289	1
3780295352	0
606657710	0
5177133863	1
9947661277	2
1903074961	1
8423709664	0
4625002166	3
5555597501	1
9219469405	1
4322285845	1
4161682075	1
9289462538	4
5025825367	0
6159229395	5
223393871	0
7017911086	2
6935994561	1
1410407190	1
3038284329	0
7278164019	0
140849966	1
3230976793	2
7455036395	2
4298568194	0
1064096338	1
2779044405	0
2198033075	0
9938603260	0
4544043450	4
8836111057	9
4433782210	7
5280362505	1
643992606	1
6621065312	0
5584092319	0
631419161	2
281278607	8
6436588959	1
4719602650	1
3618455117	0
8940932786	2
2045311114	1
5372899633	2
1680893129	2
9412456850	0
81380989	1
9950069387	6
8346794076	1
1843695308	0
1877431797	1
8313617124	2
901809614	1
2194660040	1
8015619251	0
1818759378	1
2502492072	1
646080900	6
9697644475	6
5790721729	0
8882167387	1
3213651270	0
1658391416	8
9527596713	2
9582227714	0
8126566490	1
1578034404	3
9754080475	1
4442083577	2
5284912950	2
3996753978	1
2070684253	0
3096042623	2
5421604922	2
6836457641	2
9785680110	0
1584920173	0
1105091447	1
542691561	0
7250099627	0
4676785015	1
7946844362	3
6953149122	2
2986942414	0
8417478071	0
9339359485	1
8099144572	1
9222651201	1
2886104361	0
4616582371	1
567316461	0
1581337290	2
8425399267	1
511943375	0
6870328467	0
7223610599	0
8871505752	0
7636813283	0
6422555376	1
4835208673	10
9937438668	1
9959829645	0
2971458461	1
6062748853	1
1337735613	1
4151438384	1
4161797733	1
4974533232	0
1055577574	0
8960795420	2
1074471318	0
3294379135	1
6181345214	1
94922652	1
7364517390	1
994450447	1
3596540830	7
2599271422	1
8989173860	0
5660970075	0
140994150	0
6883131348	0
9208934379	1
9716230263	2
4090764034	0
2243489428	1
2443258010	2
8871430966	1
3145911767	1
9550802520	1
6555799194	2
5080099404	2
1783115695	2
2419841037	1
157100313	2
5716738084	0
5705065905	1
9757246280	1
4772953023	7
7362046593	1
6662472887	0
9660207460	1
7648434192	0
6849558814	0
7467879756	1
9273190087	0
7982799856	2
7231965019	0
8018481296	1
7188744429	0
841067410	2
905893319	0
7305394933	0
7199959226	1
7353474743	8
9404464718	1
643251638	2
8922086778	2
5459036038	1
129245065	0
5860144727	1
5013680607	1
9993987206	1
4032059288	0
4573827383	0
576948808	1
2491359601	9
6463873947	3
8046229859	1
1063768757	6
4840887414	0
9495394238	0
9503033881	1
5560007101	1
2469835068	1
3131203056	0
9579681666	0
4537850377	2
6993270746	0
8485688306	1
594570426	0
4088675113	2
1066584446	1
7928304062	1
4918281647	2
2096283948	0
4796409702	1
9668863370	0
3483194758	0
6466553992	0
8701327201	0
6108605530	2
4716941257	1
969746041	1
1026793571	2
6258366830	0
6587156054	1
6036776411	0
9555947062	1
1552405208	1
8183298967	0
6176274941	1
5154947333	1
2280130912	5
8347330267	2
1515227891	0
3158369891	0
1369804075	1
6563666761	1
1841563062	1
2169490620	1
7302050641	0
3364501327	0
2036408420	0
7553561005	0
92814312	0
4802653039	1
1501672732	10
2285523495	1
6627484698	2
1216245722	1
7378651908	1
8817051852	1
3952009039	9
8079114380	0
3930824218	1
2394847363	5
1718137654	1
9492612180	1
8262257490	1
9833718266	1
9074676563	2
5349004367	2
4304207578	1
49043018	6
289348746	1
8928827954	0
6147173555	2
1942196966	3
2859753224	0
1919556616	0
795756971	9
3124292084	2
222305674	1
9188797765	1
2853982179	2
1836357490	0
5977707329	1
7497547519	0
7120181239	1
3094239722	0
9843277966	0
1020335052	2
915930066	0
4765459213	1
6984927757	5
2377360127	2
951660346	9
8786715957	1
3265425144	5
8688759038	1
6421579761	0
2446217151	0
5583200543	0
1788127353	0
7544427240	3
4653033399	1
5168094775	0
3582172448	0
9746890701	5
5210414258	0
3202532387	1
9169815700	1
5122347544	2
9093067371	4
877972081	1
3096296376	0
5229507922	0
9512010965	0
9810012848	0
6805570649	1
9347789838	1
8046287196	1
4223068558	0
5409456006	2
8268246790	2
9997057215	0
1574020431	0
2497898226	0
9000670894	0
6291217889	0
2422935746	10
3057200928	0
1386564222	1
6563860366	3
639610661	2
1960381072	0
1976736399	1
3953802371	0
878724409	10
216932165	1
6345761457	1
523856751	2
5694060946	1
3291310272	1
6352193771	0
1355803177	2
313453870	0
1023576750	1
8753274298	0
8126073985	0
483940914	0
3419914638	1
7776639775	2
614417812	1
9928044092	3
2317778987	2
1414621205	1
6098748582	7
5555890304	1
2793849567	1
16254156	1
7485566546	2
7279739968	2
7175308721	10
9110452054	1
6732122284	0
5289187251	4
2283875293	2
2129824884	2
4105677728	1
4419486051	1
8620094827	4
2583430416	0
8851441285	0
9708107355	0
1472949555	2
1748374912	0
7262259263	0
2480559335	1
1086231022	0
7310476796	8
9066087543	0
6054176546	1
9006484897	2
6293939130	3
5189015490	0
9124312881	10
317873700	0
8697625230	0
5877863085	2
5783906469	0
5841610542	1
5379009295	0
8249025638	1
5923061018	1
3001787622	0
6825056946	0
6634025418	0
7266959676	0
8117477556	1
645995617	0
4206645263	1
1151972925	2
9489003614	0
5284144372	1
2249523915	1
8230458539	0
4495586215	1
3286453896	2
174523171	0
529422173	1
33469609	9
4861558434	1
9623729192	10
4853076939	2
5643074308	9
1260669047	0
2565429819	1
1102022663	2
3738976126	0
2571986507	1
2106563544	0
4763726512	4
5543072612	2
9767818052	2
5782536182	0
1328518538	1
4631241728	0
178000221	1
8687997630	0
7661813492	1
8013621464	0
2220709136	1
5240781827	1
4787343228	0
1536255789	3
4107558238	1
8801917000	0
9662783124	3
9666073770	6
2850498997	1
6438184107	1
5935590761	1
8327439050	1
7537940376	0
8214072514	1
3921010618	2
472983284	2
8421669804	0
7580783559	0
2267083763	3
7019017836	1
9552745968	4
5480976970	0
5834689978	6
8901380197	1
5954149601	1
1525600180	1
2725577659	0
5657318506	1
3880050168	1
7482501796	2
9251754528	0
7536015585	1
3826226036	0
9666774741	1
439252914	1
842937982	1
8706989772	1
4372946169	2
9895751220	2
6015120299	0
133304084	0
8082245755	0
5706375578	6
5162567437	1
5840642713	0
3125680567	0
2575149955	3
7101969602	2
4047860887	0
8755915248	1
950011086	10
4913642932	1
1500346265	1
3482407740	1
4492802133	0
6449596252	0
6702260693	0
4728026144	0
1897931921	0
8765863965	1
2109585389	2
2160787427	2
7661930332	0
9305277981	1
9210923660	4
920691324	0
4197372614	4
7533724553	1
7905088416	1
747856358	1
9391651121	0
7313994513	1
9632038131	0
7750399555	2
4092902640	0
8279082430	0
1749251349	1
5725071390	1
8859694590	1
3979367934	1
7440044702	0
886883614	1
5865564498	3
5413549301	1
7894684433	1
1991455469	2
6689555762	1
5207040963	0
789623646	1
9827721639	0
6348526289	3
932555221	1
597133430	0
9131837077	1
460395587	2
5369652307	4
4790479997	2
546966066	1
7229034890	1
6431500502	1
8633373261	2
3795940197	1
9241303470	9
1227295031	0
3732005027	1
218256509	0
8734448038	3
6594181187	0
4245034998	0
6602611188	9
3896029098	2
1313702744	0
44069915	0
9940130614	2
1037841505	5
1032468824	3
5175859472	0
4370895065	1
2194208436	2
106514171	2
9003093106	0
7856786886	1
4314683692	1
4083945973	1
7313900095	2
6157193528	0
7646322922	1
921963353	0
4051111882	2
5112442905	2
3447280734	10
8470956010	0
4575106109	2
7078632828	1
1712346836	0
6998565068	0
5098934079	1
1044110130	1
9691355922	1
4915433665	1
2594839473	6
6540109120	2
9288489962	3
4167828747	0
4074882984	2
8954597388	2
9498633927	4
9128415565	7
1810948294	1
6481523208	0
6057351604	1
6162779396	5
7747294421	1
8504440899	1
9175416718	3
7754577216	1
7680466627	5
5835983458	10
917824645	1
666458375	1
3118119197	1
8886918041	0
9973153835	1
5077951266	1
1613202366	0
7619619354	1
6645380580	3
1832654937	0
638030695	1
6317178702	0
9857167673	0
4135229344	0
433346657	0
2137782347	0
3771847066	1
3743133177	0
6793578954	0
462016307	1
2762780060	0
3735582259	1
3594957031	1
9633211024	1
5199473616	2
7365331782	2
8143890330	1
7351931257	1
6943935110	4
9721947560	0
4541624536	0
7625390960	0
6357587137	0
4701516938	4
5540157465	2
4696977813	1
7015799492	1
8887454037	0
8433421052	2
7591988667	2
29199720	0
6217155245	1
7805804542	0
4848478073	2
6026676940	1
1704742043	0
4563591133	0
1051672830	0
5057875170	0
730736439	2
863343890	0
1594116936	1
5954804067	0
934886245	10
7850068421	1
5170642059	1
718593344	0
8760109653	0
1445531939	1
701012392	0
8335903982	0
8004000730	1
5615107600	1
3537769872	5
6259225104	0
7889565756	3
9882673156	0
893978648	0
5476888005	3
7637947489	0
5163590625	1
7793200495	2
1903137947	1
7806518653	1
9211668568	0
821743854	1
3387627768	0
6226639736	3
