546100856	True
7224709424	True
9283531511	True
8779895915	True
6675497544	True
4047751028	True
4604674083	True
1448464423	True
5939824224	True
214133115	True
9098202484	True
7194230125	True
5148596968	True
8370550947	True
745116685	True
6647020463	True
6873856770	True
9420187484	True
7284593025	True
4145067305	True
8695513210	True
314846913	True
9507309467	True
7309969139	True
285127609	True
3549119927	True
9075694215	True
2907511686	True
9016605294	True
5592793027	True
8712714934	True
3645597267	True
1211038093	True
3637447945	True
8017669544	True
2738137690	True
4749592824	True
4479215560	True
3798959319	True
4177865021	True
4708420571	True
2844019630	True
1457904080	True
71057772	True
5203580690	True
7876689717	True
6460819464	True
7266511824	True
6069295188	True
5828309336	True
830455484	True
3449233656	True
765389544	True
5188841381	True
8637575241	True
3912513096	True
8994956638	True
468781588	True
3656053473	True
5476631226	True
5763931301	True
2939641010	True
1315164180	True
6739447295	True
9838996716	True
8886605619	True
4643978776	True
1954191714	True
5327470451	True
2024808843	False
7205321555	True
2332731598	True
868134635	True
419669932	True
4530647042	True
7470090166	True
4323436110	True
82682055	True
6060999047	False
2965180574	True
4504653542	True
1220474761	True
5081601842	True
6051845337	True
6706668764	True
180345132	True
6198474285	True
1858824870	True
7724686547	True
5934747636	False
6700374041	True
9915206962	True
4226541574	True
3530569807	True
5763239731	True
8089990200	True
5241351348	True
4610396981	False
7335145451	True
929011404	True
9717771437	True
3693344604	True
4081333587	True
6230597261	True
5428560010	True
2970855725	True
228740691	True
6277141203	True
5724243419	True
4005025751	True
45507037	True
8055905062	True
4496358990	True
6450814559	True
1679060929	True
1532524505	True
5012694464	False
2836480555	True
4669515780	True
8241683954	True
1781205269	True
9970966071	True
7753730793	True
6010530745	True
2587855270	True
5844292844	True
8787806261	True
8959991452	True
5516108922	True
429778691	True
2837118817	True
8503615273	True
6402144755	True
4208289619	True
9123307126	True
7499445294	False
6751025589	True
4528365096	True
2873467495	True
610873029	True
9245911842	True
5762367466	True
9621883806	True
547743240	True
8049563330	True
2561076686	True
9540461530	True
8075091033	True
5372987254	True
5030407302	True
2675721988	True
6722352082	True
4466125915	True
4606615612	True
8480532008	True
2168621405	True
7216746106	True
3152438060	True
5177801843	True
4753941767	True
5543776726	True
7712975012	True
2547891536	True
9033391557	True
6172771554	True
1888291843	True
6004770484	True
6068765070	True
704613811	True
3108954033	True
8423057498	True
121084045	True
7192816740	True
873311391	False
31136768	True
834472291	True
5976442423	True
6018339028	True
485281376	True
529091419	True
9952783842	True
9641079967	True
7516056437	True
7920962169	True
7277038830	True
6037147922	True
7172708559	True
5490417950	True
8430063090	True
5105818942	True
3432062124	True
1955766846	True
4054055901	True
9842700738	True
6875376493	True
3428558461	True
3102216182	True
7756953495	False
3012501895	True
9746788878	True
9880808244	True
5164614857	True
3859615395	True
5786743687	True
9903637821	True
8772831086	True
1497308886	True
3210838716	False
4051674714	True
3189527671	True
5305764220	True
8456652125	True
7970106197	True
3761702205	True
1433840923	True
7333432588	True
6710276834	True
9344082150	True
7575532268	True
1435049921	True
7509856760	True
1485390858	True
7718099321	True
4216491738	True
7530307471	True
5659324156	True
5164129802	True
1202546208	True
1360722071	True
3926907338	True
6817471718	True
9331027077	True
7128723496	True
1475623156	True
7789729848	True
1720994729	True
480839832	True
1393324921	True
1527288531	True
5922300529	True
8069919219	True
2863463279	True
5322830267	True
9084395522	True
7387267741	True
5280849149	True
5078947079	True
3977674152	True
1363170506	True
9919498974	True
9276096851	True
9354279940	True
1753721453	True
2421029600	True
5697459911	True
9938144731	True
3645931945	True
294856255	True
526161916	True
9766361916	True
5093798931	True
8757783170	True
9076033469	True
5230858025	True
1698969036	True
782506762	True
3282302319	True
7242485552	True
4141953288	True
2249727095	True
1694402592	True
7152751147	True
3633673086	True
1432833690	True
1702570445	True
3669640770	True
9959276960	True
2421920838	False
3086758488	True
6756517818	True
1648328243	True
1533362257	True
4367523155	True
316700565	True
4078422375	True
5865511589	True
1628848955	True
6690531048	False
6057388222	True
141965938	True
7846357834	True
2747402590	True
4944479774	True
5542913319	True
7670387820	True
6442633428	True
1505670647	True
178467134	True
6106762038	True
6318265526	True
7209530256	True
7694435947	True
927232697	False
6937702595	True
6331772162	False
764773843	True
6606049792	False
2179600480	True
1014383679	True
3541129171	True
8459734095	True
9800162301	True
7767457642	True
8806633639	True
9329822179	True
4221051764	True
7114277741	True
6414003834	True
7276271383	True
5009074529	True
1699548247	True
4874219905	True
3371997813	True
4312789302	True
8624257636	True
2405182303	True
9241910388	True
808536128	False
2139623414	True
1677884979	True
5832684435	True
2303606266	True
5618879938	True
1398529432	True
8773594377	True
1132358492	True
8673453390	True
3798868176	True
5346527320	True
3077932694	True
2717691939	True
2315745010	True
4780852492	True
9155954731	True
7562432036	True
5581882868	True
7270137451	True
3710842136	True
2778089331	True
2208472672	True
7339333471	True
3874323665	True
1402129558	True
7579124897	True
8968682336	True
2016231201	True
7198803653	True
6981423094	False
1300270872	True
5694364219	False
398843150	True
3011180721	True
4695766821	True
7825918333	True
4107248119	True
3889112616	True
4669006800	True
1568004340	True
3054032558	True
2908447234	True
2172181860	True
3385285093	True
7181745288	True
8497150446	True
2910765466	True
3300618073	True
8070355544	True
6210885194	True
8306496840	True
5722761061	True
9535399657	True
8383689638	True
7557531640	True
1698913031	True
4256841782	True
2752076392	True
5494601224	True
4924282374	True
5257024137	True
2887233910	True
682766948	True
2199307032	True
213925729	True
9754111525	True
4011784677	True
3430607867	True
2568949699	True
8428178189	True
9706837555	True
5800943860	True
6245785162	True
1462726618	True
1631688673	True
4485310153	True
8106811914	True
3778804574	True
1784520868	True
5007261402	True
8086137462	True
7113996696	True
4148349938	True
6628128349	False
4658536053	True
6330867980	True
5602241919	True
4932051493	True
7668253636	True
9963883871	True
138407761	False
783444592	True
3175262640	True
8548264974	True
2325058991	True
5109297398	True
1625086607	True
2388079029	True
275670342	True
5722368574	True
5743286033	True
2343299673	True
4244107793	True
5780624942	True
5319163677	True
2311443163	True
179256935	True
6950860813	True
7714793816	True
9527038401	True
7917664499	True
8002247687	True
2532233011	True
2179388246	True
7445112152	True
5035091613	True
7693376456	False
547224423	True
1410317058	True
9223580402	True
7059935490	True
8436977031	True
8179874708	True
638642401	True
2365987922	True
5852306440	True
8342414455	True
6148217609	True
5669853662	True
590441805	True
3636929589	True
4656875855	True
9954676206	True
6232432879	True
5618809668	True
4955672121	True
2214746780	True
7038744891	True
4890355966	True
7424409291	True
1043854322	True
1783354953	True
4647815801	True
7590229055	True
1705101669	True
1863545463	True
9326465416	True
3763362922	False
8172018375	True
5774381585	True
1375570271	True
1247336364	True
7341415893	True
7810430833	True
7387951747	True
9762976980	False
4708564876	False
7444914406	True
7218622338	True
2182023698	True
345583632	True
4921967582	True
9136458380	True
4618810499	True
6758645995	True
3799929008	True
8503499623	True
1699284758	True
5073779346	True
8237685246	False
9639469508	True
1186645827	True
3414298648	True
1053975112	True
9347053063	True
5111246993	True
165933944	True
5231873463	True
6899404703	True
2758755086	True
7293862151	True
1718653811	True
4383623389	True
3821132681	True
4781000361	True
9324688033	True
7083026464	True
2645053513	True
4475534519	True
2548751922	True
9444794721	True
7380022110	True
4208088113	True
5201022547	True
5353009966	True
6956686994	True
392859545	True
3941312971	True
3693445154	True
6239519280	True
8164038364	True
8557438579	True
8403500283	True
6490497167	True
7134675583	True
4201004105	True
7553018018	True
5411760543	True
8131275727	True
1959268734	True
607558250	True
9207381893	True
2054282410	True
2499994250	True
5170578278	True
4515297839	True
9147360879	True
6733151531	True
6787508508	True
1264231750	True
7120665185	True
5744599732	True
2922675088	False
2875496174	True
9834755902	True
2368835056	True
7415145896	True
3014450271	True
267792336	True
3319390140	True
1612763066	True
8357440556	False
781142448	True
2435526162	True
9881862952	True
7379846746	True
7070650078	True
8213611378	True
5893961433	True
3172946389	True
6744601361	True
2327450039	True
2528628961	True
868767427	True
6182372236	True
8606136597	True
5174730972	True
5117218962	True
1260836518	True
9962469348	True
4157369613	True
2409856306	True
5940521758	True
404164968	True
9199209919	True
5745570521	True
799949763	False
925089438	True
1284230032	True
846907177	True
7604909597	True
5392044432	True
4937105424	True
4406274153	True
9820885769	False
4100366327	True
5493993751	True
1501322357	True
699303448	True
2362638360	True
1641350619	True
4233174426	True
3039625512	True
5774819182	True
7940502853	True
7658353025	True
3719239565	True
4995537571	True
3066576739	True
1394099574	True
1271062242	True
7570506715	True
6707956876	True
1294448305	True
6823819000	True
8161706680	True
3165034309	True
5613029118	True
483468694	True
3854838751	True
3503173508	False
9213050977	True
9463346213	True
6662469852	True
8129430513	True
4919075720	True
8330888256	True
5406061203	True
3098346462	False
1120081991	True
937794282	True
3832199763	True
31065928	True
919334865	True
5880295549	True
9588339534	True
9202141658	True
1583787323	True
1349893263	True
2804158259	True
4899271749	True
4130830606	True
5141610439	True
5884179925	True
4131669926	True
1369150512	True
4529241230	True
7013719242	True
4412102684	True
4016450162	True
1108936720	True
7474503005	True
4424305547	True
1685663261	True
8454984419	True
9402304288	True
12007541	True
4332053018	True
6041037878	True
8639851395	True
1434380198	False
9621573530	True
5366274514	True
6657816677	True
958341208	True
1595769865	True
5406124799	True
7573324338	True
3368803232	True
7668854179	True
2514104692	True
3480587019	True
4517507180	True
5852810951	True
9915756659	True
4525252762	True
6337200571	True
9904513008	True
8912016613	True
4139011424	True
7510176516	True
431069813	True
9429546606	True
405246282	False
9008626082	True
8632935108	True
9940338306	True
5182985830	True
9134923655	True
3829098404	True
3076671450	True
5791506883	True
8066502884	True
7094428280	True
2937757392	True
1474016935	True
2900876530	True
7932521110	True
4516431341	True
2190333050	True
3454959995	True
5889346481	True
3042958823	True
7108136861	True
313503072	True
5011578652	True
3271653405	True
1440280874	True
7046951531	True
5002080659	True
4375192538	True
9410357059	True
9120825843	True
7813176996	True
3342928201	True
936374207	True
7891219893	True
6624787872	True
168175528	True
8503469704	True
8530020915	True
497018593	True
3406705608	True
7358733324	True
3564327541	True
7010183951	True
1694904591	True
3791398232	True
7190730699	True
3754107472	True
745923114	True
9763411264	True
7122770142	True
4971497614	True
9948331567	True
4970681946	True
784370815	True
947530966	True
4363700284	True
365453077	True
3124466663	True
3350632620	True
4832989936	True
6132966048	True
882459353	True
8443114029	True
774156320	True
5094529140	True
4574196191	True
5094734755	True
2176444484	True
7997622939	True
1138885480	True
1167199618	True
1819145958	True
4983115467	True
4992887613	True
4901731958	True
8326745047	True
4477497140	True
9713275683	True
5173208358	True
986281088	True
1052490641	True
4042788357	True
2803104098	True
5052005872	True
152704263	True
6503862028	True
3268270141	True
6487101019	True
4315795137	True
2697600454	True
2772637599	True
6056074095	True
3448636303	True
6348556752	True
2824975232	False
865326152	True
1031800447	True
7090728923	True
3584568934	True
5407461289	True
3478164106	True
6822667147	True
6765565755	True
3360991196	True
6757528747	True
3436359055	True
4200983209	True
8736333835	True
7135588988	True
347202688	True
8018891573	True
5580023606	True
3942119395	True
3663225246	True
6457941025	True
4162142270	True
585679277	True
5828892457	True
8280929744	True
3433548691	True
8763534369	True
7156354270	True
5005089195	True
9852856645	True
2940159199	True
4826532331	True
5823896005	True
1812006033	True
1946072246	True
4650971003	True
3744192211	True
7905012051	True
9109637963	True
6749991746	True
4170688503	True
9286575789	True
4576152851	True
2279820101	True
2967771120	True
9036398389	True
4508351869	True
4539724984	True
4321328199	True
193820483	True
7704079622	True
8424920276	True
7574402231	True
7574436489	True
2981171702	True
5937738884	True
1546564922	True
1535895023	True
7837560693	True
514556785	True
4477368195	True
7697671735	True
7069573622	True
8278619497	True
4186973084	True
1051401062	True
2183908850	True
4501631899	True
5544659837	True
2333053579	True
3585623029	True
42820666	True
1691783074	True
4626191117	True
4328788992	True
9952496143	True
3885971599	True
1977287307	True
6489461221	True
5754687706	True
4308581568	True
5869226639	True
3698382107	True
722149347	False
9711445957	True
4109187486	True
2163834619	True
7686810284	False
8802902371	False
3012797232	True
534111552	True
1998076621	True
4590916945	True
5846132262	True
4146303213	True
6524879158	True
393798271	True
1670898356	True
5931255794	True
8935099630	True
9233497353	True
6925362148	False
971921890	True
1495995782	True
2101587167	True
5881128002	True
1336256939	True
1267637959	True
1934036410	True
2028638826	True
8174803770	True
5645850485	True
9147152842	True
9257888115	True
3007978794	True
9800211975	True
1418105606	True
1242871756	True
2665407365	True
9115903463	True
1700268836	True
2679429994	True
3239214896	True
647321286	True
8694179751	True
163343752	True
8119809755	True
3431236759	True
8068302468	True
4586036956	True
12955535	True
3622584308	False
20216430	True
6724787338	True
9705566762	True
9439787307	True
9737723367	True
7591287911	True
7356183371	True
5005633749	True
1708638493	True
8983281647	True
5007337000	True
5466197510	True
9332178798	True
8209573899	True
8463307904	True
1229259214	True
7337238600	True
5281142693	True
6964255006	True
3423888997	True
7065786957	True
2163338800	True
5517886157	True
242084790	True
3211771165	True
7177802545	True
2409992269	True
4569239268	True
8343609291	True
6509869720	True
3385854113	True
3598077128	True
5354396924	True
5001654773	True
6345913771	True
8904022923	True
6940044526	True
9376541375	True
8852162770	True
1695932627	True
7186631410	True
996800529	True
3356220952	True
9446264931	True
6071391632	True
5905235038	True
9759059517	True
6837118897	True
2929154589	True
1300529280	True
4734433452	True
5977786433	True
6305593235	True
564932523	True
8900043358	True
2851525239	True
8698517320	True
8784192070	True
1603768996	True
8538278519	True
9193321517	True
3507938806	True
5631139432	False
8004963150	True
5876471599	True
8166151438	True
9333872053	True
8046633098	True
4580247171	True
9989228665	True
3965602543	False
2089437072	True
2294122233	False
2982734156	True
4293581641	True
6250524442	True
3014483144	True
7489249320	True
1999047183	True
9120330831	True
4971870777	True
7885025406	True
9858685459	True
9516933793	True
6030823679	True
5716325201	True
2589181519	True
2853783393	True
1635803164	True
6013555346	True
8460897439	True
7668526011	True
1295868519	True
8105333868	True
2823147292	True
1801530199	True
6246046280	True
8089277689	False
5058047358	True
9096198130	True
6246680213	True
8409023093	True
4661831377	True
665381871	True
4044657763	True
3056949650	True
4313375432	True
8955667439	True
6251256750	True
1170441384	True
4901134976	True
6168578475	True
809829695	True
6017534572	True
9866974956	True
9166843798	True
5408886782	True
7237486261	True
5170938134	True
1566205040	True
5897290884	True
5264543381	True
9727779952	True
1344406228	True
6810829138	True
4618345996	True
4865507097	True
5600980278	True
6117155029	True
351430968	True
3676904411	True
7837023409	True
6144450055	True
759972540	True
3515239961	True
5650911362	True
8892524070	True
8897143051	True
1594778479	True
6391180127	True
9500154510	True
3605784923	True
6856403190	True
4637304937	True
562893178	True
5760931012	True
7064865875	True
7483873270	True
8099376883	True
7798039260	True
8373962867	True
1783331592	True
4803899832	True
269486470	True
7001874858	True
9978570585	True
109358738	True
6516122558	True
3417838504	True
2932564057	True
6872993311	True
1692898142	True
8403246308	True
7298924973	True
2475893366	True
4388708613	True
7382234917	True
4258497840	True
2429826373	True
2244659846	True
9145020847	True
9658632569	True
7075559534	True
8474482797	True
8594997526	True
7941474889	True
7552298822	True
8568881657	True
2896734550	True
9967146701	True
2695444481	True
8749167814	True
6250034139	True
7317786843	True
467507837	True
9934318467	True
7527749656	True
5327143369	True
755837836	True
9569092095	True
844790845	True
2077133127	True
4885669616	True
8181948121	True
1790655063	True
6237865101	True
3938907760	True
1761311625	True
4727176849	True
4439841665	True
3778826762	True
2860022327	True
3801116516	True
7642653086	True
3484539870	True
6043500630	True
1138523739	True
257933786	False
5210074680	True
7455600910	True
9217504373	True
270766594	True
2116458	True
3503563094	True
6414877465	True
9874240256	True
5389144623	True
7552821021	False
958858124	True
8244925051	True
1533690826	True
4963306668	True
3555429722	True
902068207	True
9180993020	True
6876195891	True
5835779872	True
2408301637	True
7351488328	True
5333120249	True
8514991057	True
3519594749	True
5900134428	True
8945634561	True
1445432909	True
4567612086	True
5818928266	True
1885887731	True
2493253446	True
5524550050	True
9067502868	True
1398282945	True
191156688	True
693095047	True
4640454421	True
1555796015	True
5061123187	True
1912691606	True
7314241723	True
8789278055	True
3724278164	True
8363534048	True
8958190944	True
9790680581	True
6803836615	True
1968675605	True
2540748672	True
983270375	True
6428912068	True
5577743384	True
2262275023	True
8329990493	True
9967416540	True
6572998065	True
1640600260	True
8542441942	True
6820511213	True
8534066846	True
1764765812	True
7340330703	True
9194768254	True
4550711612	True
2388806885	True
7173564909	True
1364865137	True
7658547342	True
3702589757	True
1558789806	True
3660054190	True
7693292112	True
442662894	True
3617114014	True
324494433	True
756254851	True
9362199425	True
3614016027	True
947524835	True
41034190	True
3141132408	True
2964421045	True
8159726226	True
6899362624	True
2743556403	True
3721985374	True
1605279754	True
4069902609	True
836640618	True
5181890716	True
5658990975	True
8435638081	True
577551346	True
1411966817	True
6650664760	True
2426265642	True
7807890191	True
3327428153	True
6504249629	True
301946773	True
9101223947	True
2049352387	True
991937239	True
1536008610	True
7503120079	True
698437440	True
2341104097	True
5311655779	False
2441780963	True
3288271088	True
117212997	True
3578554429	True
994232799	True
2705852570	True
5267274264	True
8074971162	True
3207353525	True
6953480338	True
9905067341	True
8044555175	True
2409092017	True
3286731636	True
4235263494	True
7199383095	True
8089926383	True
5144862894	True
9427889313	True
2796368055	True
4328256070	True
6252939830	True
1957482622	True
5048928733	True
4237114502	True
3824342313	True
6639038281	True
9271967854	True
7727501669	True
4612345264	True
7756735722	True
9502187487	True
8115207261	True
1361560822	True
3084428038	True
246415674	True
9239840629	True
2662154659	True
4867710974	True
6861973641	True
6859685462	True
2787961579	False
8971659272	True
9657718393	True
1113442022	True
7784040499	True
7306553881	True
8759074840	True
884314726	True
8266119280	True
5965482659	True
6131424024	True
9520738949	True
7845205572	True
510991031	True
6375307541	True
3862397752	True
7179143698	True
4815669006	True
7152128232	True
3697095661	True
9188165134	True
3885312119	True
1655240353	True
2511047593	True
5387573578	True
4294249994	True
6254693630	True
344987006	True
5691814308	True
5766393485	True
7259603960	True
2274729224	True
4171564337	True
4488491468	True
5354457854	True
9545964925	True
8140910927	True
83953176	True
9746539314	True
3065017427	True
6884873072	True
8664298438	True
4291525988	True
9175178524	True
6378885694	True
6488165260	True
722310849	True
4697947797	True
5437220039	True
9639030559	True
2023027695	True
7704727557	True
8349914612	True
8489729650	True
2118843089	True
4241859411	True
2468376756	True
5320829279	True
3836977114	True
7819119595	True
2680895146	True
8978702474	True
938843141	True
4214543640	True
1146379778	False
9712091111	True
9328842988	True
8978592338	True
4651510697	True
7499447250	True
28951896	True
4769457532	True
6865567073	True
1689421323	True
7817725290	True
3696200723	True
1760479830	True
1979287389	True
1867462484	True
7414166530	True
516675994	True
7462640326	True
1813624081	True
7281538396	True
8230903947	True
4888675652	True
4647631061	True
7371687331	True
9294163823	True
5206620197	True
7736049618	True
9700406158	True
1122776662	True
4621782557	True
7508599213	True
3368494433	True
4298949105	True
654770829	True
464187672	True
800399273	True
8612525030	True
2319128159	True
6641093582	True
1473113094	True
9261424488	True
1237938606	True
8300023940	True
3975938427	True
9636141965	True
2262598168	True
4005203173	True
679695760	True
7890297085	True
3269877470	True
5744952795	True
2351174301	True
4379697773	True
1811699604	True
1743922880	True
1442274618	True
6705152025	True
8220764426	True
2399302743	True
3419952443	True
2630132619	True
4294323822	True
2499277246	True
8848998621	True
3393955263	True
1589096459	True
5106207150	True
7905541453	True
1954289539	True
781913013	True
9354481299	True
9912453454	True
8136601878	True
7868082407	True
832300074	True
8499826036	True
3031768995	True
5729276364	True
7255648147	True
4618300061	True
9060112801	True
2772986449	True
687368041	True
4086288605	True
4308589959	True
5008586397	True
9034651049	True
7921708101	True
5070059348	True
7830138661	True
93262280	True
1675667628	True
4908552205	True
9030237526	True
705798793	True
5006940589	True
7291449284	True
9757300282	True
6648688757	True
5728083464	True
7371979404	True
3160595033	True
8352116249	True
2527097857	True
4673499095	True
1103229113	True
9735192794	True
6915614018	True
4355609760	True
905546659	True
1266889667	True
9399474939	True
1738357324	True
523091866	True
5945307777	True
9312571596	True
3807603124	True
9625760504	True
735368943	True
3998725211	True
7072867151	True
2123350375	True
6993299340	True
901966021	True
4133877470	False
5011920383	True
1823945424	True
5902332883	True
236447602	True
2268522877	True
6951392723	True
6737488799	True
3623255149	True
8773644100	True
3353074528	True
574466178	True
7013705598	True
5570845914	False
3075332771	True
1049883569	True
3111839896	True
3140030671	True
6702382680	True
9692974219	True
9014768558	True
6225895099	True
9392133968	True
9958256661	True
2589300660	True
3428491362	True
4427651581	False
3707665860	True
5248691728	True
4079796893	True
9203553006	True
536852889	True
1204805620	True
617626656	True
2161541420	True
624803233	True
6959854992	True
6266597374	True
1806451551	True
734111706	True
392954107	True
6957362789	True
4743998220	True
7483029946	False
9724042069	True
2877943909	True
5511468130	True
9986525919	True
514010806	True
2623280525	True
1539005641	True
9839314781	False
9111749094	True
624893415	True
8518374232	True
9721791122	True
6143577855	True
2079600940	True
7532679120	True
3571366577	True
8221428510	True
6619290126	True
4782811321	False
7213619134	True
2727285145	True
6945630899	False
1023869303	True
7504685388	True
7744016686	True
4556556046	True
5288672998	True
2803748870	True
8982221760	True
9508067313	True
9699315351	True
3309723742	True
3358636700	True
1450195626	True
9815439374	True
807502947	True
3999786987	True
197053823	True
9657784587	True
6119851882	True
4209137568	True
361628852	True
9455717959	True
3444311166	True
7897551259	True
3726214854	True
3825737803	True
5033328860	True
5592600945	True
952055476	True
7997596104	True
1114105172	True
1589416456	True
2497566378	True
6122226398	True
388110790	True
9966731044	True
6857021229	True
6742180407	True
8356295970	True
161502525	True
1365192937	True
6870389279	True
1716950828	True
8972767612	True
1385937069	True
3582461668	True
3136276770	True
2540118682	True
1761345281	True
2266317886	True
4973216770	True
8357945561	True
7231509293	True
4341857401	True
517568562	True
6550794665	True
6982132348	True
8379643306	True
3308884181	True
5962488425	True
8328989251	True
207678159	True
655050022	True
5682477415	True
3109398147	True
3267871613	True
7020711548	True
3024692909	True
9655844991	True
3004058768	True
9786306448	True
8059550357	True
3075194602	True
441554995	True
4894634035	True
4303427510	True
7343282452	True
4709511106	True
8741087043	True
891595756	True
8865743828	True
7944047198	True
3996282921	True
7302775949	True
5232545044	True
3250833481	True
2320729409	True
5539650615	True
2716526882	True
5527569893	True
4976926061	True
7916840350	True
5142275432	False
831301533	True
5519835041	True
8586162031	True
3178847561	True
9191997037	True
6104944311	True
3909836107	True
676306960	True
2493749932	True
3465610332	True
7223946294	True
3420402856	True
9372084354	True
8210923472	False
780616009	True
8101257614	True
595491190	True
3589330483	True
5742909832	True
4458011850	True
4351619495	True
9408067324	True
6944016279	True
6232251259	True
3990217217	True
9542987813	True
5906417034	True
8098438027	True
668291782	True
734040863	True
7025900082	True
5114867074	True
1537399397	True
1474948818	True
1945469340	True
1198146648	True
6286005813	True
2830084039	True
2660893594	True
2472082245	True
1697863049	True
3119646564	True
4628620511	True
8039101878	True
6519223126	True
7195026765	True
1066850840	True
4451236752	True
2459545786	True
9566577328	True
7917898417	True
3063859039	True
5590516976	True
5030393897	True
7853811420	True
3281154264	True
1500928748	True
3294058859	True
5756911495	True
5731804785	True
4886265406	True
3316922141	True
7221006065	True
1232016858	True
9204805299	True
6441468097	True
881988237	True
9024002184	True
6958094955	True
6433924881	True
7312096991	True
9254172601	True
1816984525	True
1156925967	True
758468276	False
1904248445	True
4916310241	True
9674745872	True
8161078001	True
8569172943	True
1769520881	True
3264479815	True
7619515750	True
4037512632	False
6578816195	True
6283185000	True
6328436793	True
951650153	True
3335184635	False
3940486739	True
1155570174	True
8376831160	True
3083904320	True
2695882297	True
5998789928	True
3793083965	False
4025456648	True
6050854656	True
9549141292	True
6054897463	True
8975289821	True
8729551711	True
2008641429	True
6200462930	True
2488404802	True
580142370	True
403750018	True
8156516597	True
5846125151	True
5116431785	True
9955703756	True
6416005684	True
9576408647	True
4091251786	True
3752777785	True
9782988141	True
9077631034	True
7955371404	True
9188803952	True
3529226336	True
6815859599	True
5339295288	True
8353894138	True
3476230614	True
5241899341	True
8666619742	True
9618485776	False
567879122	True
1143106542	True
8543066373	True
3211553428	True
4598515061	True
6841684601	True
7141227243	True
5475714813	False
440281918	True
6276384492	True
6660536658	True
3385599744	True
8040274102	True
2406767870	True
2993074213	True
1770549032	True
2120490422	True
5335953036	True
9030342447	True
3745915597	True
6277941914	True
6012454695	True
1252725097	True
3671323332	True
3646746092	True
10448753	True
3325039430	True
767251192	False
1314470611	True
8210051643	True
2247826510	True
7684902856	True
977237554	True
2723098494	False
4091073419	True
7152735703	True
1361315567	True
9905143937	True
7743278999	True
1603411545	True
8139891112	True
4952128390	True
8269768863	True
5749954827	True
5775116376	True
6103469676	True
2785555137	True
5600549104	True
311472439	True
669561805	True
5927152906	True
4439781595	True
5144712731	True
819648054	True
8805042164	True
6653006581	True
5139117938	True
3753468656	True
580848065	True
8142169539	True
7187264696	True
9592645513	True
7207527902	True
6166126691	True
6204853205	True
8165397612	True
9832756908	True
6899055349	True
4689707405	True
3168065451	True
1686501961	True
491989616	True
2934272661	True
3507902255	True
6224642088	True
5051410001	True
5328116357	True
616290565	True
2800986881	True
120348930	True
8047164046	True
8260667329	True
7455960881	False
3393009926	True
5013441642	True
3946652977	True
7283158323	True
5072893790	True
1000240645	True
4294141783	True
3834007612	True
5896792059	True
6548314707	True
8253144308	True
4607247108	True
6088789519	True
5933705059	True
8565682825	True
703016938	True
5071479335	True
2338328497	True
2096039206	True
8725795345	True
8015976496	True
947881619	True
7562477755	True
5614402758	True
677536384	True
1014616559	True
9071930032	True
2966872671	True
7314608543	True
2862456586	True
5761155644	True
189024222	True
4678149709	True
2384909612	True
9378793595	True
2715725198	True
2617368190	True
8516436453	True
5624067838	True
9953022225	True
4899061600	True
3430736744	True
9297111038	True
5819688815	True
9811720113	True
6227701232	True
4522760572	True
2856846379	True
7908910194	True
2683046680	True
8556784849	True
7242428900	True
1225099614	True
9320862502	True
2527896655	True
2486264114	True
7124780186	True
3039273843	True
8326637037	True
6975529775	True
3358992856	True
7221966005	True
8967672351	True
5111242707	True
5993488783	True
4649553091	True
4565438794	True
3250877891	True
2168769921	False
7874376308	True
3285447117	True
5244144626	True
3245048045	True
8334201825	True
1711006420	True
2277402152	True
6777677802	True
7857298641	True
7887456921	True
6075942682	True
3105440846	True
6042070700	True
5824584587	False
7632253687	True
9581448401	True
6058088749	True
8276559596	True
3173304545	True
1075873295	True
8664993362	True
1177821751	True
8922369293	True
725504190	True
920440789	True
3631271081	True
1107520962	True
9433485305	True
9544512911	True
1950567758	True
3263817971	False
8175330411	True
7397523769	True
147879308	True
9430581156	True
9897418113	True
9102276141	True
2530086995	True
2765920062	True
3042028625	True
3808314704	True
7440482567	True
9468126551	True
4306645282	True
967291458	True
6102441969	True
8303168859	True
1247316129	True
8502495536	True
394386553	True
1323742146	True
2093750108	True
3873776486	True
8017572914	True
5395575299	True
9212719071	True
2929874445	True
4251184835	True
5374464838	True
9229635036	True
2019733185	True
4768952264	True
1416257068	True
2504785566	True
2981124886	True
6414772244	True
950523654	True
7711381747	True
3306478944	True
9460765464	True
163977799	True
7429601831	True
7954213149	True
8221846371	True
5130254143	True
4847768997	True
389657314	True
7319293593	True
1994380875	True
386775335	True
5453318781	True
297212227	True
7279809407	True
1725178626	True
109561633	True
3758259794	True
774720769	False
4212522424	True
2895484840	True
2699251380	True
5829876762	True
7010369703	True
9620372118	True
1883356669	True
1909076702	True
4969454110	True
6407649580	True
2194626931	True
2133150152	True
2578612801	True
3196321022	True
1500371630	True
7938752346	True
2210180379	True
1550146636	True
4676077845	True
8542451981	True
9452487280	True
6183599706	True
8004500037	True
3599406074	True
2636027307	True
1914781905	True
6355820328	True
5793035685	True
7392274516	True
6653733083	True
8165063873	True
9250386784	True
5864896208	True
6991597859	True
3055958328	False
1103113292	True
5152718676	True
1794650088	True
9907755425	True
5132321402	True
5262607913	True
1916002518	True
6908325566	True
4184261281	True
2970470770	True
1893175436	True
8324379298	True
2805872154	True
3554906009	True
9968162011	True
523297958	True
166090243	True
3259609252	True
1722053022	True
3016533567	True
1580450694	False
9086022608	True
3454213730	True
2634704496	True
2856325908	True
5358813438	True
3848445896	True
1793704698	True
3178412868	True
6924848631	True
9411510997	True
2064470814	True
4683979133	True
9447768564	True
3172607624	True
3202228811	True
8385288350	True
8865163539	True
2618772795	True
6820892861	True
9360969741	True
5144724371	True
108177076	True
6853964722	True
4264578031	True
1532318228	True
7648194244	True
1463233478	True
9239145633	True
8980489693	True
2755391716	True
6326387769	True
6559744284	True
738723713	True
9327540025	True
6947177681	True
9446887225	True
4486929567	True
433489352	True
5576071698	True
9782628637	True
7036026897	True
9495293228	True
9897372498	True
4630371616	True
8370008544	True
6911616628	True
3219523297	True
9704751491	True
7405934844	True
7080304486	True
1908732473	True
1755779346	True
9690385393	True
6525009203	True
8699882806	True
9622956428	True
3800177373	True
8996311550	True
8686054156	True
873033733	True
599753497	True
3504256414	True
8963237866	True
1391882275	True
5073552813	True
3904848154	True
7264126859	True
5997198933	True
1651323007	True
4225063221	True
8557480927	True
3373871711	True
7233789223	True
7739387762	True
5642800213	True
383021129	True
3792152819	True
1169823957	True
2179465980	True
590841334	True
293723332	True
8444893240	True
6334503716	True
1244264367	True
4135368856	True
3724090406	True
9181586514	True
9628268223	True
4095185860	True
2731212717	True
9690463003	True
750460676	True
7115346331	True
1301068570	True
8598730691	True
2819245019	True
8684232090	True
8904410755	True
1636531105	True
6174186742	True
6523629288	True
7147482030	True
8686267368	True
3000021440	True
9651389426	True
4568998185	True
6421829445	True
5945687406	True
7066021076	True
9322288804	True
9798099264	True
7645570970	True
3273857391	True
6229080761	True
5928759492	True
5066495912	True
2758817682	True
1219244678	True
1560439096	True
5251247668	True
6916177825	True
3461420682	True
6182668676	True
5985147066	True
7924388386	True
3130462408	True
6558412671	False
9646723491	True
1009248558	True
667682841	True
9589202718	True
7431764476	True
6393096526	True
4006218901	True
8681576673	True
7476822295	False
514547189	True
2425399472	True
3800163388	True
5845005391	True
1188213997	True
5145417935	True
6969751557	True
5860151409	True
289387905	True
1540378275	True
3224508701	True
5913668852	True
6239092761	True
7671918282	True
658317851	True
5647859041	True
3533406629	True
5382417683	True
795432890	True
308867914	True
3052185503	True
3793457990	True
2627903132	True
7855644753	True
3860596146	True
9227872746	True
5874560790	True
7821539381	False
4461495191	True
7637238101	True
5392119570	True
4578161984	True
8715067692	True
4150926441	True
4987228814	False
5926371631	True
523824796	True
8851426755	True
184439773	False
9472969256	True
6914484100	True
9427551247	True
2167384102	True
3297692322	True
5422473729	True
3161672628	False
2309589427	True
2311657471	True
8380675168	True
5577979141	True
3364701700	True
4266144801	True
8888811836	True
8586044284	True
5373758490	True
8953282482	True
9164044001	True
5352369226	True
9393662304	True
75397952	True
3247050768	True
3573992221	True
9688342047	True
4471293231	True
8081058062	True
8193984199	False
4550013418	False
7532093943	True
1127889925	True
7201377614	True
3965205912	True
8990648866	True
2257691504	True
5098158982	True
9737431196	True
9188183978	True
6021814191	True
1828135129	True
3646695408	True
5913883000	True
7214373699	False
8772209248	True
6260287579	True
6725857895	True
1105344661	True
4165900976	True
8064008022	True
2874033235	True
1635033289	True
5797352043	True
7326621043	True
9363320839	True
4225127848	True
8489638104	True
2937874357	True
1059489954	True
8418748457	False
966836914	True
2504208932	True
2532348673	True
8884898167	True
2762182297	True
1154955596	True
7043884479	True
266203600	True
8201978839	True
6488638301	True
6588325659	True
5660956780	True
5095709365	True
7741608146	True
9406231872	True
6562422971	True
2084469571	True
9311146319	True
4691528335	True
6443705269	True
7488579792	True
4238006644	True
1398125520	True
5595775372	True
4356794684	True
5648108033	True
1637698980	True
6648190566	True
3612883910	True
6399415850	True
6857674423	True
6681393212	True
5050867834	True
3899200812	True
777705305	True
7787641977	True
581030355	True
1634815619	True
7796728861	True
5239743061	True
421853754	True
3025159850	True
2021849676	True
8068437613	True
2366012895	True
8768134383	True
6360827804	True
5404890886	True
3861067342	True
6469861699	True
6294819408	True
3712609149	True
1000908841	True
7092995069	True
4211802763	True
1391794235	True
3092036275	True
3631145552	False
5165661741	True
8573968227	True
7085270580	True
6973925657	True
121016029	True
494121829	True
1455024839	True
8237772643	True
8574470312	True
9368089122	True
6892347979	True
9458679059	True
6096757093	True
3666075690	True
8837022774	True
9971551403	True
4107902809	True
575826775	True
5163664689	True
2433981481	True
5140770301	True
6084281104	True
341261813	True
6632172921	True
9417952410	True
8762765994	True
5374900442	True
9275483673	True
6733555194	True
1188990128	True
1126928115	True
9971833067	True
8272133353	True
2940775250	True
2210288941	True
1795963099	True
3066088888	True
6669806891	True
2134848777	True
9444654745	True
6649083708	True
9452652949	True
3816475916	True
4959763135	True
3320255988	True
4127686001	True
1787135911	True
5625770898	True
4310738653	True
3186592026	True
7544598697	True
4446867115	True
4468191118	True
8750057439	True
4469154661	True
5417654316	True
9929249128	True
1189649502	False
4265306054	True
9659734933	True
2455582157	True
5827508224	True
8822451339	True
3060519673	True
9424432182	True
2552051738	True
3647716693	True
5144752389	True
5261250270	True
7575824801	False
4183480644	False
6965807273	True
8125535833	True
2205318349	True
7072746281	True
1032664975	True
8392424140	True
4967736133	True
6178465486	True
4241531514	True
1188816168	True
8373466783	True
6117838651	True
323542561	True
4355802893	True
4353602562	True
1066426271	True
2823169336	True
1036952493	True
7981598591	True
8679930999	True
6344960812	True
5266288087	True
4543366058	True
4277956731	True
3148290024	True
3009176447	True
4223541835	True
6343588433	True
5866775064	True
7598163176	True
7411686847	True
4262449224	True
2518380754	True
409412915	True
694592803	True
8315398096	False
3242410797	True
6035324631	True
8621073505	True
3029477153	True
9124480502	False
9359253422	True
5310842420	True
9637093116	True
5216936638	True
4483964574	True
3745255453	True
1949850843	True
1951916011	True
516224513	True
6956101681	True
7128583348	True
7816220968	True
5166944687	True
390778342	True
8886966654	True
5875815368	True
2225119088	True
7715273570	True
7363616992	True
6987256464	True
1843377871	True
1424848077	True
4460932340	True
5241021422	True
6927243499	True
716685661	True
3493617375	True
9926365246	True
5140313352	True
1448667119	True
4869757856	True
2401725141	True
6025558040	True
2526708994	True
3591540285	False
8676309881	True
9789696386	False
4029602548	True
8372145117	True
1901912137	True
9628763830	True
2490475291	True
2009291305	True
5265362158	True
4282673292	True
5924693724	True
1039751251	True
5305391950	True
3836297244	True
3361416112	True
3687579132	True
5822017181	True
6438643242	True
8722688809	True
3465787164	True
4596583214	True
3297070329	True
4182137265	True
3496321439	True
7162581143	True
9583470247	True
88943555	True
2047440708	True
9526457926	True
5515023168	True
898531523	True
7073979401	True
2663107661	True
4562409654	True
638352392	True
3861068651	True
746486081	True
4821281886	True
4189148342	True
6033353322	True
8209599935	True
3511129675	True
9847720386	True
9981512950	True
7525864502	True
1299878401	True
1477811185	True
9285642638	True
6537881170	True
1550362715	True
7489850608	True
9821554836	True
8184559314	False
573344559	True
2710044770	True
7830313432	True
6390608108	True
9807039478	True
1985203952	True
6622517305	True
9215520345	True
9362271023	True
6921578356	True
212976411	True
3178329969	True
562132594	True
4821211702	True
3526525384	True
3824818320	True
3392513826	True
4220353298	True
3105835906	True
8299029764	True
6798403825	True
9091201983	True
5832793600	True
1925612704	True
368937237	True
1077224233	True
7052542773	True
5427003799	True
7473766740	True
8829213246	True
8560506152	True
1656652339	True
3796839427	True
4531429184	True
9233245823	True
9755892564	True
5084250318	True
6303501327	True
5684400921	True
8474270482	True
6451310728	True
1369753636	True
3837205825	True
1285599496	True
1908009150	True
4199916818	True
6786786896	True
7232879271	True
5269138800	True
9015674094	True
2254004589	True
2389838515	True
3306108022	True
9544688732	True
5695834478	True
6061862691	True
6758705496	True
5263498053	True
1714394663	True
3114445948	True
185105069	True
8678284031	True
28284230	True
8039891728	True
3817786461	True
3410399177	True
937564842	True
5176410105	True
8609176473	True
8104237136	False
139974010	True
5264942588	True
6528028630	True
8323926393	True
9138527637	True
2273816633	True
8136305724	True
2365780434	True
6919146972	True
7949740282	True
1575659892	True
4452087097	True
9454452528	True
9078944877	True
6107877588	True
2495820451	True
6099907894	True
5992379516	True
6165861684	True
3406536293	True
5810460358	True
3248710579	False
6052102342	True
3816991540	True
2420429687	True
5249498116	True
1328152817	True
9612220159	True
5571667965	True
7896911317	True
1995680109	True
7655750807	True
5166329443	True
2517493842	True
5583558888	True
3834254312	True
1711630759	True
5537205310	False
9030131193	True
5341640208	True
2326456744	True
9347617334	True
4453005562	True
5101516086	True
6909849467	True
8410631215	True
8867519772	True
6885061225	True
6931691970	True
9848045916	True
2393519041	True
7808487578	True
648204100	True
2709679970	True
2900315313	True
1457963353	True
5668487773	True
7628768213	True
1381944265	True
9691037476	True
7914178475	True
4144281898	True
352631943	True
5738860188	True
5422992346	True
9458505194	True
4886092747	True
2848772246	True
2621057085	True
9665725384	True
321282136	False
6248988606	True
4990044405	True
2679027715	True
2903554487	True
8882451342	True
1541245230	True
7374728839	True
4775370060	True
6869448706	True
4930780559	True
9852328784	True
3999881528	True
5008719868	True
9866635777	True
8230208122	True
2079115991	True
4475669420	True
6038714010	True
7441479148	True
3642751744	True
2176268957	True
5898401316	True
2253796084	True
1548037832	True
1156920900	True
8168643130	True
8092575981	True
2440909274	True
837671885	True
2065033867	True
6425330039	True
3956979222	True
653088275	True
4038677075	True
8754918117	True
2893204024	True
5238881623	True
3440851442	True
8915089094	True
494656243	True
4524134287	True
7232715377	True
4230371336	True
7087945545	True
6942722643	True
9508941425	True
7971438224	True
5998258473	True
837434561	True
8107039710	True
4739595208	True
1339876563	True
1628359937	True
1772617315	True
1329261407	True
7149502042	True
5765775499	True
9507609004	True
9814429794	True
8893465481	False
9572815116	True
4774142356	True
5076522574	True
5511395939	True
4623892138	True
1732429292	True
2326214787	True
5316990322	True
1551062653	True
5789234276	True
5269560558	True
6183074396	True
7353474504	True
9533806331	True
5427885077	False
8064197839	True
1655879516	True
8393658999	True
690037397	True
5401761885	True
9754344080	True
4751816718	True
6828006698	True
6776046000	True
3088658270	True
9931783040	True
3393468009	True
6635979412	True
9533859944	True
9632959693	True
5925668659	True
3282186402	True
597853614	True
9908303700	True
6100799526	True
6958126008	True
5483602935	True
7271225774	True
72794501	True
8828561773	True
8429624812	True
700157068	True
1202990527	True
2558179704	True
5905501632	True
8141299387	True
5607283395	True
7210508029	True
2719250900	True
9093685718	True
4478164034	True
7014571828	True
3260782116	True
3685471188	True
7227783644	True
7847554712	True
6991357264	True
9978137790	True
7945337369	True
5867003287	True
9946470464	True
7595812226	True
2851107288	True
7223555690	True
3405047139	True
729165122	True
3093408195	True
3414394050	True
6429412886	True
6522821514	True
6219083016	True
5258315475	True
3264510599	True
2213898444	True
5669306231	True
3033097064	True
8443603708	True
2942200189	True
4614223847	True
1603093548	True
59586871	True
59475133	True
8641048055	True
4821548782	True
5782674787	True
2685135840	True
9578489765	True
5409760054	True
8344705765	True
3179316421	True
4517095073	True
5252708386	True
7830149120	True
6988354769	True
9740483458	True
2749598052	True
2195629738	True
6850065197	True
1836619930	True
5470901036	True
5879758005	True
2035932150	True
4104167865	True
9017740875	False
2075473505	True
9164697123	True
7331461423	True
2294437470	True
2798661238	True
6595814885	True
4606959328	True
5883886565	True
1398141248	True
3032166920	True
3107769326	True
7577551907	True
7775314487	True
9544662825	False
6920604134	True
1093555782	True
5758402466	True
5483599093	True
1126220623	True
8697896182	True
3318815015	True
2123039224	True
5554862127	True
9972962159	True
8734494756	False
1134125875	True
4844673896	True
174999294	True
3773878961	True
2205817813	True
2575330358	True
5180376820	True
4223634194	True
7675581434	True
7233490383	True
8860079359	True
5427306657	True
5138065812	True
8397403501	True
7052175110	True
5835705746	True
6629425265	True
9631457857	True
4953360352	True
2330654892	True
2710743535	True
4302049835	False
5296746287	True
628139482	True
5287901459	True
6119648970	True
7710118200	True
500443225	True
9188555877	True
6974111719	True
8916783957	True
2389938114	True
9507197017	True
291312136	False
2121835149	True
388924876	True
7635991936	True
175295705	True
540665094	True
9620918411	True
2299557143	True
8840558724	True
8935271907	True
5687950104	True
8750519313	True
655515205	True
4056386544	True
3795942487	True
8062993256	True
8663476446	True
8367687233	True
7849971925	True
3976443648	True
8536862358	True
73810249	True
5826558157	True
5710365874	False
7415621392	True
7129453903	True
1337287055	True
3561336443	True
612903133	True
8374643527	True
978960567	True
2970312744	True
8617484084	True
1260082508	True
3992415225	True
5787050391	True
7622719633	True
3910567861	True
4229159426	True
5643064581	True
7762159427	True
8742097951	True
5110387759	True
6175737506	True
6045778417	True
2122263353	True
8450631162	True
3814713470	True
3179792046	True
8745538168	True
7921561941	True
465550573	True
49622870	True
5483827991	True
8536539547	True
9203038150	True
6111365103	True
9650269391	True
61497901	True
4093235831	True
723944394	True
5875692446	True
2836486240	True
6116544731	True
7115082678	True
5931400853	True
870740908	True
6597797445	True
1250694086	True
727367169	True
66337376	True
7883760299	True
1498338899	True
773793733	True
6733131485	False
299946083	True
2693483373	True
3602415683	True
9569985999	True
554917639	True
2870728999	False
737368770	True
1660278855	False
5228261003	True
8387711520	True
2161763691	True
3308313232	True
6199885740	True
5525957899	True
9137276932	True
6591592984	True
8914244598	True
8511922365	True
5100474086	True
8667569415	True
6081419100	True
2246616187	True
6582408941	True
2111996495	True
8198293142	True
2465874790	True
3099325290	True
4933573304	True
5618846968	True
4174987776	True
3222492495	True
6970569579	True
8052204728	True
2542048921	True
1773639736	True
1305114310	True
1609349373	True
254794049	True
7193637021	True
1834960333	True
2249919769	True
7215618462	True
262378656	True
9720326723	True
9541238456	True
1131624656	True
255832279	True
4409997082	True
514192286	True
1036415470	False
562105988	True
8923883032	True
3147392811	True
6007489778	True
965487766	True
1494351955	True
3555835496	True
5154199280	True
8846117589	True
9324384637	True
9477146820	True
7714440879	True
5250534279	True
6253888637	True
9927326157	True
3531503671	True
365213355	True
3501777404	True
2500579008	True
3435438709	True
7856697950	True
2345398796	True
9938984303	True
496337708	True
6605624682	True
636163417	True
8461829651	True
640447057	True
4348793511	True
9010461723	True
3647100996	True
6638285644	True
721768716	True
6798466350	True
571249583	True
5760265006	True
9674254373	True
532752162	True
2965379750	True
4274657473	True
3359439576	True
1518320128	True
5533222267	True
3548262497	True
4553793369	True
2887124659	True
5399761541	True
7158572267	True
6887785794	True
8356599800	True
1789973138	True
656513706	True
5872003026	True
6207797521	True
6535964027	True
4507016046	True
3036074919	True
7775490314	True
2582494606	True
8791564318	True
8387525297	True
9881190298	True
22281334	True
9292808826	True
1376006558	True
5310327614	True
5985910918	True
2174360677	True
9994438576	True
2011566120	True
2785640774	True
7868140335	True
4163684828	True
5656786138	True
4717531742	True
6641270518	True
7383365732	True
3937009586	False
1778809739	True
4668215613	True
7708196079	False
3727700129	True
4651878661	True
1601939859	True
2734628654	True
9165953962	True
305551989	True
1987636422	True
9521617242	True
9950542678	True
5154064086	True
5979697041	True
931200854	True
3196236336	True
576752713	True
6708589182	True
3950311806	True
7175212322	True
1905729180	True
1187570404	True
1757374802	False
8854037683	True
1544238959	True
8469534001	True
49247036	True
9796099387	True
2550534910	True
8145641972	False
6445971890	True
8282337162	True
5921705548	True
798249568	True
7921077990	True
8419186492	False
2727495678	True
9726744105	True
5588058407	True
7506187709	True
2336869197	True
5987252847	True
2469190103	True
3928681744	True
5766538446	True
6524959734	False
4942308766	True
5989177922	False
1277722904	True
5456601771	True
7629942009	True
1669955471	True
312832224	True
3316099372	True
2137646598	True
9021596250	True
9239880847	True
6502992052	True
7259617407	True
646817503	True
9943809806	True
8354549164	True
4159613114	True
4088771012	True
9972876875	True
2935666536	True
8215665964	True
8923507774	True
7650736219	True
2012311671	True
486434421	True
8911336316	True
3072780736	True
2266277403	True
9852868069	True
7207848573	True
220541845	True
3943611812	True
4394027963	True
1288551520	True
7650528993	True
3352363275	True
6882359158	True
6756091664	False
3783917182	True
4060575239	True
4195278948	True
1112019542	True
9206113345	True
1410900558	True
66595579	True
2048459712	True
3524515284	True
2677307692	True
9302133862	True
6337179591	True
3698105306	True
6351708817	True
639387307	True
7522847934	True
9729699482	True
5187076963	True
4120648393	True
4844756803	True
190525100	True
5885895733	True
1975320125	True
7983975408	True
7343229178	True
2030216914	True
6496181044	True
5444844307	True
5168265842	True
2645251897	True
7427687733	True
4127035030	True
2136444515	True
922305481	True
9983683681	True
4773027628	True
9179990800	True
8055383376	True
3100517141	False
5820691211	True
213006330	True
1181298966	True
7449680289	True
4209182367	True
1212049133	True
8865847454	True
497081980	True
3238549946	True
7048638423	True
4463165631	True
2662977852	True
7105802899	True
2375563556	True
9160143371	True
3752556623	True
4322858010	False
703431151	True
2224998256	True
5656838669	True
7333672377	True
3869318940	True
1563620722	True
745443119	True
7426143402	True
6328140489	True
5663483713	True
4705350350	True
8372874438	True
2968759787	True
1012123555	True
210240828	True
6142392840	True
3210261852	True
1871733188	True
8055447610	True
2218190845	True
5367025314	True
9216826007	True
6088782958	True
2682199068	True
1929736766	True
4831293927	True
7079656941	True
2658883454	True
9772762855	True
4149724723	True
1698175515	False
8165873356	True
3625228468	True
4723908193	True
2418065637	True
736469412	True
522939177	True
9381045575	True
6813792423	True
4860103814	True
6941098368	True
601876373	True
1212267256	True
7384566778	True
666213539	True
9612053767	True
2689700497	True
2526600945	True
9631791734	True
1251383153	True
3366613805	True
7863170653	True
6517934626	True
2534782233	True
9368033663	True
8050670484	True
2389711269	True
9364278558	True
5984430872	True
294333617	True
8258400710	True
1046566535	True
8609335343	True
302989731	True
6849600605	True
3617487539	True
2022735106	True
7295172272	True
785456532	True
4740628819	True
2595922573	True
8108694163	True
1380587821	True
6758032671	True
6655177246	True
8330581018	True
3970231049	True
3678761931	True
6582341806	True
5627872766	True
6630473431	True
7156734060	True
7480047450	True
5638983400	True
8106461875	True
5276686006	True
1887517434	True
5986375886	True
6747642549	True
181752125	True
1409790969	True
1952316280	True
5095960133	True
1919200285	True
2917215	True
4988392907	True
2343200806	True
2181992320	True
3177810302	True
2319612469	True
7974582836	True
6850091838	True
7525078846	False
8606143021	True
4056432471	True
9464392472	True
1509983640	True
2012367566	True
6397975184	True
1042406339	True
5669041678	True
8192653419	True
3393869597	True
3316804883	True
8179852278	True
2962102677	True
1617999521	True
4717386526	True
5347484528	True
9113561927	True
2920108044	True
879790994	True
6834670327	True
2674343561	True
7864955549	True
7391946984	True
5021810538	True
4873075125	True
7176756870	True
5422231977	True
3476895867	True
9030344199	True
8224639462	True
1279320212	True
8582917621	True
6594332926	True
1258552214	True
8309884782	True
5676936066	True
9562033469	True
2825394838	True
8998543910	True
7174862283	True
2628357669	True
7228736036	True
1783348927	True
9871580433	True
6255257999	True
5040317304	True
8877042466	True
2711561713	True
2461397585	True
7705440500	True
2615005056	True
6105083560	True
3054455202	True
7321484176	True
9981644007	True
696454234	True
4899774846	True
2681102737	True
666575602	True
2111229547	True
3207033706	True
9145090502	True
4940004705	True
2799311243	True
7469467549	True
1982854556	True
5694632857	True
8933967802	True
6874808388	True
3153096580	True
829299488	True
7794866642	True
6424474439	True
2786562171	True
4763534666	True
9926120474	True
2516712786	True
8258563789	True
2036164839	True
647158817	True
3349415808	True
7969619165	True
8889799564	True
4970558987	True
2247616847	True
337132931	True
1537867221	True
5237284121	True
162455960	True
9058314786	True
6449992903	True
2627900593	True
6374309586	True
2414287507	True
4845459298	True
7512135180	True
1287068479	True
869522289	True
9452075412	True
8997245819	True
3687021518	True
815778378	True
1852746781	True
3617356354	True
1323947612	False
6486914072	True
5956558872	True
1985988712	True
7842742178	True
2597794479	True
775553535	True
3181181360	True
8149933477	True
7125233713	True
6231788357	True
7154697152	True
262742935	True
7455413235	True
5280770391	True
4400604522	True
9370639361	True
7510699363	True
9006620149	True
13736481	True
8929202488	True
8776120919	True
9358567453	True
5759015911	True
129798707	True
636852673	True
685348949	True
7505137738	True
8553136835	True
6483676946	True
9837234192	True
9324729132	True
5111151830	True
1240952671	True
4810536767	True
1452761710	True
9568572354	True
3071347319	True
9363563626	True
1470939687	True
6979069951	True
8201861970	True
1693552039	True
2863007901	True
7813374501	True
9619738313	True
5671352259	True
8704950132	True
609522805	True
606633573	True
9803355507	True
406996664	True
1413519098	True
1193497689	True
8738979052	True
1768508809	True
4791025444	True
5943125367	True
2251959234	True
4507576256	True
4995375788	True
8391326682	True
7162719663	True
9974066324	True
7733393536	True
5475659487	True
9020898861	True
9435811401	False
9972057370	True
3869389628	True
3740362597	True
4194286480	True
3121542397	True
6780720672	False
6414647069	True
9817393246	True
470066082	True
5667202198	True
44021597	True
8944413001	True
3857540577	True
8204219037	True
1120099314	True
2656627439	True
539140803	True
32866435	True
6643858010	True
173381532	True
9055104443	True
3741968330	True
7308803709	True
158160541	True
75092956	True
78450242	True
6615909910	True
1247287686	True
1512858640	False
1216355292	True
1669042987	True
662079031	True
8526059175	True
1768486801	True
47955078	True
4518454025	True
8664328328	True
2656814899	True
3067302011	True
394135683	True
1669884594	True
4791617851	True
7975580593	True
4722031516	True
6527168219	True
2241809477	True
842443046	True
1065734621	True
8156946150	True
7827605676	True
8414767305	True
1670598693	True
9215514933	True
4937511661	True
9512231101	True
233738669	True
6605956680	True
4694472818	True
349841818	True
7059529847	True
7404608123	True
5835669275	True
422487545	True
5161133028	True
9479384971	True
5990548490	True
2575033608	True
3258225095	True
1919418708	True
7340388591	True
4996005636	True
5002619694	False
9503284683	True
6532581624	True
7028000763	True
933198794	True
5321811527	True
4968304342	True
6227263697	True
7201000645	True
5290064457	True
1797789619	True
544939609	True
8474301824	True
1645974110	True
1674483293	True
5152768016	True
3528288450	True
6505855553	True
1680756957	True
1606507932	True
976889623	True
4778459686	False
2540145132	True
1227116639	True
254760936	True
7042288290	False
7575054950	True
622245969	True
1858381621	True
9879691081	True
9428966807	True
6503389654	True
7910866248	True
7082219813	True
3117082249	True
9756692853	True
5869839268	True
3387103983	True
9307576075	True
2238070228	False
658245397	True
6221519484	True
2693868531	True
1085569370	True
8961513832	True
7058894943	True
911205800	True
8969378695	True
8177799668	True
2843886896	True
2950727916	True
716036284	True
6177735072	True
6146438761	True
8970313893	True
5475672941	True
3352031744	True
8904858137	True
4224035489	True
9896660804	True
6140331810	False
1527285630	True
7894516039	True
6414164506	True
8365481521	True
8706102301	True
9737462530	True
1020220396	True
6437882281	True
7064511162	False
4818195160	True
7802417628	True
2080727909	True
4241884018	True
6390349792	False
7078948263	True
3294774733	True
1297626508	True
5994484144	True
3976046218	True
9145317181	True
8682242374	True
6364120872	True
8328156845	True
2527168819	True
3866973106	True
1811064392	True
155150728	True
4160950867	True
6207731673	True
4050914559	True
2272759109	True
691031731	True
1841631792	True
2108146336	True
5358942275	True
8408694928	True
5749702620	True
2965059427	True
5273927563	True
3289577556	True
8921655125	True
3212605742	True
8386188284	True
291332732	True
9124851665	True
8682040667	True
6614569708	True
6258162737	True
5125414392	True
7521939835	True
6784600548	True
5156379060	True
8638680608	True
8885333485	True
6695779931	True
527184423	True
7704965981	True
9469068409	True
2582000806	True
5333355881	True
6072138753	True
937069200	True
8929894475	True
9985800337	True
4049901176	True
1584523188	True
6048462622	True
8688894238	True
5680002710	True
5824341999	True
2076682877	True
6311252532	True
8875435152	True
994194865	True
4634544597	True
4360448788	True
1333002237	True
4250351299	True
4974227520	True
3535032128	True
8507852180	True
4719539514	True
5630814357	True
9770645166	False
8554430402	True
7665241500	True
2491524812	True
8132886943	True
3758131250	True
3709627447	False
9441546672	True
6926260327	True
6913215786	False
2214871663	True
2509430407	True
8827203808	True
5127632247	True
3862195873	True
5204071755	True
4984406861	True
3007843744	True
8976766693	True
739704663	False
1549735722	True
6269709562	True
4004518461	True
8781100192	True
1277601040	True
4745628397	True
2316846257	True
2442366113	True
9886828867	True
8559275084	True
2936134282	True
5800178315	True
4512280469	True
8083755997	True
7850912069	True
1241528475	True
2509626865	True
9628489698	True
1799327317	True
1488759008	True
9619192400	True
7720297178	True
3780210928	True
6467610155	True
4821140599	True
4784074017	True
224954887	True
9897229740	True
2629780527	True
8483598304	False
8433113131	True
352220151	False
9463631797	True
6586535235	True
2478967614	True
2088791599	True
1417462600	True
6448212996	True
8109991618	True
1046174363	True
5053856710	True
8207524577	True
8744004979	True
5374558782	True
7558723252	True
3848986922	True
7735472514	True
3967904178	True
1656905825	True
4090343259	True
2974540721	True
3323597040	True
6740056181	True
5220162545	True
8783786611	True
4864984870	True
9752823264	True
3767932547	True
6360156211	True
4064363805	True
6424240423	True
1864911369	True
8990141431	True
8081154837	True
5750046920	True
6554497334	True
1919108585	True
4442758643	True
6942485586	True
887882317	True
4346321309	True
9350061179	True
9354604651	True
1517816546	True
3864619614	True
3551471665	True
2840118415	True
9559428298	True
9541171035	True
1494735819	True
3016579480	True
2744475342	True
6380258893	True
1976997309	True
5880399600	True
9131237064	True
4250377443	True
8469459935	True
6976298194	True
7115040847	True
5663280204	True
3877033933	True
6939779423	True
4765574944	True
8432391122	True
8306634484	True
2868963763	True
5371517096	True
8666163098	True
2881365356	True
1885458697	True
1115907121	True
2452927941	True
9318916922	True
4084108386	True
335159104	True
6058975858	False
9320114358	True
5663764889	True
8528825029	True
40168647	True
2150896615	True
8152279947	True
7673059893	True
5542731988	True
7358263154	True
8643039583	True
1084487702	True
3205422760	True
6647214659	True
9154457624	True
612921286	True
3795651880	True
6712061606	True
3234538476	True
3226781929	True
5986384765	True
1992584375	True
3062580207	True
3546794846	True
4995812343	True
1608650114	True
2661113454	True
1615677123	True
8706903729	True
1521258335	True
8360282719	False
2854321309	True
3938890500	True
7941858029	True
3339827367	True
168212136	True
1548429285	True
2115164156	False
2745072180	True
5049497697	True
1593991142	True
4885635669	True
7261426492	True
6049574291	True
9878194459	True
4101901194	True
2241879365	True
8941881759	True
2024584756	True
9553363490	True
6044982799	True
1821899661	True
7565530293	True
9901651572	True
4311791656	True
4778714585	True
5603559701	True
9870771160	True
9322870121	True
662718352	True
732813675	True
4597248571	True
4609401231	True
7521452958	True
941805037	True
8001222416	True
9976380247	True
7499820814	True
8702463823	False
7154227224	True
7694678050	True
9333778407	True
1174330891	True
9574195797	True
8890242614	True
6061819854	True
3648152118	True
4998029134	True
2366390146	True
9452359326	True
7239026988	True
3278265201	True
3316766645	True
2516063271	True
5571473271	True
1920823190	True
248661844	True
9190177479	False
1895637161	True
2292535250	True
3734815114	True
3662901506	True
9564340701	True
4922058293	True
3203418099	False
4401741378	True
2549221755	True
8455047747	True
3401078624	True
9579629481	True
8158264241	True
3562438605	True
742904634	False
7474271525	True
3207658967	True
3016807959	True
6543495671	True
4024992311	True
4437948086	True
6768997467	True
5167547607	True
320737206	True
2880320914	True
8282284701	True
6844103138	True
9639077061	True
4412029018	True
4988611075	True
8714667418	True
769640033	False
4750283064	True
8123589625	True
6441385292	True
7744297225	True
2761931201	True
6510348219	True
1185219723	True
4766639751	True
7989668967	True
22610604	True
6428453817	True
4197611577	True
726883252	True
9976464501	True
770251638	True
4398953204	True
863456235	True
987677530	True
6031013673	True
2301664029	True
7288705564	True
5271897559	True
1716205275	True
530315216	True
1053862865	True
9048421746	True
3465929398	True
8581615474	True
70792899	True
1485355129	True
2731725465	True
8624396030	False
2265581126	True
988336091	True
5930092414	True
2204574008	True
5262783712	True
4577642462	True
9574358029	True
922696589	True
4015873994	True
7607762945	True
6718021704	False
5328443100	True
3112228740	True
1064799299	True
5553783424	True
6006670857	False
1742215906	True
2415967432	True
7453253042	True
9281478920	True
4196066615	True
3730183939	True
9393511092	True
535550235	True
7913189384	True
5772408630	True
7550379065	True
8609432684	True
9718784854	True
3055148877	True
660018210	True
8559857759	True
9304614910	True
8550490801	True
403336283	True
1196788294	True
5918373456	True
455404889	True
7622692972	True
5035404255	True
2801595685	True
9245155922	True
333698649	True
5806927392	True
3222244840	True
1399234045	True
316471145	True
7706490560	True
1727573767	True
3130324464	True
6159926993	True
4794013149	True
1509745173	True
7715825946	True
9357916591	True
908359730	True
1454304840	True
5103185409	True
2555183019	True
6529156069	True
4768336851	True
869318083	True
2220392042	True
951956357	True
9855199119	True
2635899873	True
4769910138	True
6289822624	True
7417601289	True
8029018483	True
2507720803	True
2303457681	True
3754617510	True
6141215150	True
976775169	True
3714410350	True
3534951375	True
5119405298	True
7028678112	True
2141534115	True
7601457050	True
7426544643	True
6717418060	True
2994577101	True
5706082535	True
9067064195	True
2778253719	True
3569542889	True
3888342088	True
5723842911	True
8197888031	True
4372521204	True
6611476707	True
4394939976	True
1859502594	True
5816677908	True
1687971687	True
9070961130	True
5654555353	True
6291797019	False
8465878879	True
9445573408	True
7400204028	True
4301878959	True
5349500516	True
9595290016	False
1413413611	True
8446160021	True
2764114263	False
9275979993	True
5382029129	True
8318775655	True
6857305707	True
5755116247	True
5969232688	True
9460427693	True
9239107991	True
8555447697	False
7080157962	True
6574515067	True
1462766857	True
6651400003	True
7674810422	True
271390612	True
8554153078	True
43231215	True
1632389986	True
6986473289	True
705043677	True
9208827533	True
7871323394	True
1289487505	True
1014636162	True
651286924	True
3713172855	True
7130331132	False
7217208021	True
5034259222	True
3058427907	True
5506303401	True
7158791258	True
4896151717	True
4953287452	True
3044409396	True
344385140	True
7909120625	True
4667952878	True
697085602	True
9666581710	True
8793541744	True
9340207780	True
253060842	True
8549232263	True
7506392827	True
6285249762	True
9760956844	True
893288819	True
3893905315	True
3280356381	True
4442164543	True
8339248612	True
4156673922	True
2576522647	True
8258455486	True
4888252474	True
8593120285	True
1949526577	True
3460288288	True
5793792268	True
9438636824	True
373111428	True
1860207757	True
6732631580	True
2817863987	True
5064031740	True
8862742609	True
1380729469	True
4142899537	True
4997413912	True
157955109	False
1659503489	True
1928968897	True
5939289570	True
2619660126	True
8308036378	True
6253590014	True
896182376	True
8293006687	True
2419353601	True
4796568652	True
2313840819	True
6370587454	True
4047356713	True
5050353652	True
2369722026	True
2897235761	True
2852717230	True
5233313461	True
6415881397	True
2055017380	True
1464042891	True
3227825551	True
2230273583	True
6982710185	True
9081250232	True
7075569039	True
7558314772	True
2752276608	True
5801724484	True
5516587496	True
2406635871	True
3984588978	True
4373322193	True
6678965915	True
5944505835	True
7727825756	True
7190490486	True
2847371632	True
2648563760	True
8611166284	False
5189580095	True
4716984662	True
2134519765	True
7222138560	True
5147798229	True
1577558126	True
3564164651	True
6045045567	True
4220159801	True
5755239230	True
6090353237	True
2661956005	True
3776508422	True
3520745692	True
3847431006	True
4755663729	True
1398658128	True
4561895255	True
4824193123	True
6263072518	True
6793729315	True
4506936275	True
1732632475	True
886177297	True
244228966	True
4578461415	True
8365993096	True
8287261872	True
1239121151	True
3089710936	True
4342414679	True
2394982572	True
7261132889	True
2211260486	True
9368279509	True
7035425505	True
3973722335	True
1266666545	True
580645303	True
1134909578	True
7324296383	True
7123899027	True
6429927553	True
7252964000	True
8312908487	True
8609057553	False
4085747635	True
2157078973	True
3689892587	True
4910596683	True
7261144096	True
3244395235	True
1099516198	True
5065223711	True
9186166001	True
4164504947	True
3361152009	True
5428151703	True
4382603780	True
3565235075	True
4312381022	True
1607820555	True
7218223908	True
1051213706	True
7665800483	True
4461739638	True
9616140776	True
4636721623	True
9441803455	True
8210999726	True
209087221	False
7102127952	True
259465146	True
9742496952	False
7347215426	True
1239218320	True
4765521585	True
9750435466	False
1745549479	True
5559086342	True
1211097930	True
313797932	True
8482372890	True
5772010660	True
978739520	True
7721155943	True
9383450863	True
4060593091	True
328760913	True
1849541375	True
2955490929	True
3554672356	True
7363592992	True
9948642977	True
2634690154	True
2718672618	True
9247749560	True
9107967946	True
1917210346	True
3156785282	True
7306985813	True
1700296100	True
1220539977	True
8332264638	True
9080361625	True
3895965215	True
4919322995	True
8993161151	True
4644501386	True
7468340060	True
4133406519	True
8105884993	True
8887202012	True
6478252899	True
2879402342	True
6427629621	True
3732011492	True
5127006637	True
3514654311	True
4835702276	True
2399257972	True
8281889924	True
1026488145	True
7890911428	True
808911989	True
4376228304	True
9227321368	True
2088192726	False
4174267720	True
886118982	True
4005165025	True
4309555993	True
1760401680	True
649754454	False
1366889953	True
9208678373	True
9226500572	True
2870787911	True
5233247694	True
7683896162	True
1426832166	True
2913146907	True
4771324886	True
1619644929	True
8137449994	True
8702398995	True
1558798692	True
6409267399	True
6433621119	True
2725366532	True
7905456260	True
2590895367	True
3146968869	True
8568774460	True
2892576573	True
84851611	True
1858591919	True
1599038586	True
3335565447	True
4274245097	True
8742809668	True
7808530362	True
2004562842	True
3071314990	True
8730878693	True
9148983580	True
6830980350	True
9627008778	True
6108996724	True
7485333505	True
3326678304	True
5290782306	True
7023055459	True
1999241035	True
5758053477	True
2605079092	True
1828588873	True
6208362223	True
4117140885	True
7010349230	True
3255695027	True
3052686673	True
7506044975	False
175866555	True
8143064937	True
334083042	True
7091906813	True
4180382613	True
8132621806	True
7111224291	True
2235012969	True
2485085069	True
3245561780	True
3610806888	True
6451659869	True
6036532804	True
3423426596	True
1559218288	True
9041236345	True
1812612510	True
5695806264	True
9496768130	True
317465009	True
306189630	True
6080423508	True
4800468981	True
3968227653	True
8002615775	True
5336404261	True
311613116	True
8376426933	True
4514188480	True
1614963098	True
7232659351	True
6147600959	True
9304916601	True
1230409750	True
1680459589	True
4154743873	True
3663541013	True
3707550600	True
6125425647	True
4839688956	True
5033071666	True
621464173	True
8492696509	True
5003398449	True
2586454156	True
4807172047	True
8718538426	True
201837745	True
6314621161	True
1143311659	True
9202757081	True
7572618844	True
4427425026	True
5793704644	True
3054920479	True
4697280665	True
3294462993	True
8021032353	True
6013813420	True
4882548283	True
8910224421	True
8035823483	True
4873343069	True
4084135030	True
2253480981	True
7339131842	True
9268806389	True
2346813694	True
695280340	True
3404508571	True
1612788737	True
2187887628	True
6899501174	True
1960059295	True
9133915026	True
7860068681	True
2680204408	True
4080844671	True
8753576237	True
9040197271	True
5376124345	True
4712654723	True
3990749056	True
3181389217	True
9808537193	False
8347611424	True
7015125430	True
7394790075	True
7018727955	True
8573181426	True
4694169066	True
4308911136	True
1529722227	True
829660617	True
6691145021	True
7702629638	True
7401878220	True
9180203998	True
9084550702	True
6739681229	True
2761740186	True
182239906	True
7026078049	True
4223607581	True
3591884490	True
3503815402	True
9717323243	True
7050497431	True
9180775364	False
9373746790	True
4183604565	True
4508824340	True
1587930811	True
7638015229	True
6188649288	True
2637418294	True
1748893181	True
8850208522	True
8451664003	True
3023813681	True
8155202222	True
5672267043	True
2335021732	True
2914651796	True
942731695	True
1716370499	True
2841919245	True
6584026587	True
5953291579	True
481844406	True
1210617536	True
8394133837	True
790252610	True
4883785030	True
6970833883	True
8598629116	True
1788272839	True
3452563867	True
5347539203	True
6061450135	True
9567500636	True
8303742689	False
4707272934	True
4034085270	True
8940647540	True
2123292210	True
9088228404	True
8230150549	True
5194722022	True
7822262151	True
9781131395	True
4321231753	True
2762135652	True
5565789711	True
5239714562	True
6362183032	True
9066951306	True
2842957773	True
3517462610	True
7861701147	True
4093077772	True
3616210099	True
3810050309	True
8206663318	True
1639098685	True
8566320362	True
1601965602	True
6575035351	True
3815098857	True
3399862784	True
3520799043	True
1956991247	True
4757444837	True
6495983081	True
7433410608	True
817991122	True
9186072396	True
3407099223	True
4254023340	True
6846167578	True
11452309	True
979982150	True
5886871112	True
331851377	True
5656473493	True
3065448799	True
8393026790	False
211703249	True
7691210644	True
5886617783	True
5865271192	True
2029753949	True
1249049450	True
8375729179	True
6598316141	True
9100336642	True
40109120	True
821748106	True
3329043708	True
2461469227	True
6666385259	True
9252419108	True
1526103103	True
864794144	True
9781205099	True
8744988389	True
4306912907	True
3576564168	False
6223301313	True
8684672120	True
9545318801	True
1561429427	True
7668970570	True
3301524860	True
9025333204	True
5328748354	True
7952745571	True
6768065785	True
9523139225	True
8856841965	True
3484504330	True
1888140912	True
2598894593	True
4950703770	True
3492155426	False
3799330435	True
2333766473	True
5945639465	True
2521468597	True
9797842341	True
4970023834	False
9732770662	True
3944010770	True
6281656927	False
2054806535	True
3136026341	True
387775590	True
3824236400	True
777836757	True
8916816781	True
4529974087	False
5713918011	False
4403265061	True
2287631382	True
2702593960	True
2723724780	True
5215807248	True
3449648617	False
9564456032	True
5445233292	True
6251169316	True
9983761608	True
1236264724	True
9034998295	True
9537928057	True
5334339357	True
7771950169	True
1871620468	True
452097363	True
5669859158	True
9715529297	True
4271815483	True
6692065401	True
789310692	False
5250569328	True
6629014522	True
7855996289	True
3780295352	True
606657710	True
5177133863	True
9947661277	True
1903074961	True
8423709664	True
4625002166	True
5555597501	True
9219469405	True
4322285845	True
4161682075	True
9289462538	True
5025825367	True
6159229395	True
223393871	True
7017911086	True
6935994561	True
1410407190	True
3038284329	True
7278164019	True
140849966	True
3230976793	True
7455036395	True
4298568194	True
1064096338	False
2779044405	True
2198033075	True
9938603260	True
4544043450	True
8836111057	True
4433782210	True
5280362505	True
643992606	True
6621065312	True
5584092319	True
631419161	True
281278607	True
6436588959	True
4719602650	True
3618455117	True
8940932786	True
2045311114	True
5372899633	True
1680893129	True
9412456850	True
81380989	True
9950069387	True
8346794076	True
1843695308	True
1877431797	True
8313617124	True
901809614	True
2194660040	True
8015619251	True
1818759378	True
2502492072	True
646080900	True
9697644475	True
5790721729	True
8882167387	True
3213651270	True
1658391416	True
9527596713	True
9582227714	True
8126566490	True
1578034404	True
9754080475	True
4442083577	True
5284912950	True
3996753978	True
2070684253	True
3096042623	True
5421604922	True
6836457641	True
9785680110	True
1584920173	True
1105091447	True
542691561	True
7250099627	True
4676785015	True
7946844362	True
6953149122	True
2986942414	True
8417478071	True
9339359485	True
8099144572	True
9222651201	True
2886104361	True
4616582371	True
567316461	True
1581337290	True
8425399267	True
511943375	True
6870328467	True
7223610599	True
8871505752	True
7636813283	True
6422555376	True
4835208673	True
9937438668	True
9959829645	True
2971458461	True
6062748853	True
1337735613	True
4151438384	True
4161797733	True
4974533232	True
1055577574	True
8960795420	True
1074471318	True
3294379135	True
6181345214	True
94922652	True
7364517390	True
994450447	True
3596540830	False
2599271422	True
8989173860	True
5660970075	True
140994150	True
6883131348	True
9208934379	True
9716230263	True
4090764034	True
2243489428	True
2443258010	True
8871430966	True
3145911767	True
9550802520	True
6555799194	True
5080099404	True
1783115695	True
2419841037	True
157100313	True
5716738084	True
5705065905	True
9757246280	True
4772953023	True
7362046593	True
6662472887	True
9660207460	True
7648434192	True
6849558814	True
7467879756	True
9273190087	True
7982799856	True
7231965019	True
8018481296	True
7188744429	True
841067410	True
905893319	True
7305394933	True
7199959226	True
7353474743	True
9404464718	True
643251638	True
8922086778	True
5459036038	False
129245065	True
5860144727	True
5013680607	True
9993987206	True
4032059288	True
4573827383	True
576948808	True
2491359601	True
6463873947	True
8046229859	True
1063768757	True
4840887414	True
9495394238	True
9503033881	True
5560007101	True
2469835068	True
3131203056	False
9579681666	True
4537850377	True
6993270746	True
8485688306	True
594570426	True
4088675113	True
1066584446	True
7928304062	True
4918281647	True
2096283948	True
4796409702	True
9668863370	True
3483194758	True
6466553992	False
8701327201	True
6108605530	True
4716941257	True
969746041	True
1026793571	True
6258366830	True
6587156054	True
6036776411	True
9555947062	True
1552405208	True
8183298967	True
6176274941	True
5154947333	True
2280130912	True
8347330267	True
1515227891	True
3158369891	True
1369804075	True
6563666761	True
1841563062	True
2169490620	True
7302050641	True
3364501327	True
2036408420	True
7553561005	True
92814312	True
4802653039	True
1501672732	True
2285523495	True
6627484698	True
1216245722	True
7378651908	True
8817051852	True
3952009039	True
8079114380	True
3930824218	True
2394847363	True
1718137654	True
9492612180	True
8262257490	True
9833718266	True
9074676563	False
5349004367	True
4304207578	True
49043018	True
289348746	True
8928827954	True
6147173555	True
1942196966	True
2859753224	True
1919556616	True
795756971	True
3124292084	True
222305674	True
9188797765	True
2853982179	True
1836357490	True
5977707329	True
7497547519	True
7120181239	True
3094239722	True
9843277966	True
1020335052	True
915930066	True
4765459213	True
6984927757	True
2377360127	True
951660346	True
8786715957	True
3265425144	True
8688759038	True
6421579761	True
2446217151	True
5583200543	True
1788127353	True
7544427240	True
4653033399	True
5168094775	True
3582172448	True
9746890701	True
5210414258	True
3202532387	True
9169815700	True
5122347544	True
9093067371	True
877972081	True
3096296376	True
5229507922	True
9512010965	True
9810012848	True
6805570649	True
9347789838	True
8046287196	True
4223068558	True
5409456006	True
8268246790	True
9997057215	True
1574020431	True
2497898226	True
9000670894	True
6291217889	True
2422935746	True
3057200928	True
1386564222	True
6563860366	True
639610661	True
1960381072	True
1976736399	True
3953802371	False
878724409	True
216932165	True
6345761457	True
523856751	True
5694060946	True
3291310272	True
6352193771	True
1355803177	True
313453870	True
1023576750	True
8753274298	True
8126073985	True
483940914	True
3419914638	True
7776639775	True
614417812	False
9928044092	True
2317778987	True
1414621205	True
6098748582	True
5555890304	True
2793849567	True
16254156	True
7485566546	True
7279739968	True
7175308721	True
9110452054	True
6732122284	True
5289187251	True
2283875293	True
2129824884	True
4105677728	True
4419486051	True
8620094827	True
2583430416	True
8851441285	True
9708107355	True
1472949555	True
1748374912	True
7262259263	True
2480559335	True
1086231022	False
7310476796	True
9066087543	True
6054176546	True
9006484897	True
6293939130	True
5189015490	False
9124312881	True
317873700	True
8697625230	True
5877863085	True
5783906469	True
5841610542	True
5379009295	True
8249025638	True
5923061018	True
3001787622	True
6825056946	True
6634025418	True
7266959676	True
8117477556	True
645995617	True
4206645263	True
1151972925	True
9489003614	True
5284144372	True
2249523915	True
8230458539	True
4495586215	True
3286453896	True
174523171	True
529422173	True
33469609	True
4861558434	True
9623729192	True
4853076939	True
5643074308	True
1260669047	True
2565429819	True
1102022663	True
3738976126	True
2571986507	True
2106563544	True
4763726512	True
5543072612	True
9767818052	True
5782536182	True
1328518538	True
4631241728	True
178000221	True
8687997630	True
7661813492	True
8013621464	True
2220709136	True
5240781827	True
4787343228	True
1536255789	True
4107558238	True
8801917000	True
9662783124	True
9666073770	True
2850498997	True
6438184107	True
5935590761	True
8327439050	True
7537940376	True
8214072514	True
3921010618	True
472983284	True
8421669804	True
7580783559	True
2267083763	True
7019017836	True
9552745968	True
5480976970	True
5834689978	True
8901380197	True
5954149601	True
1525600180	True
2725577659	True
5657318506	True
3880050168	True
7482501796	True
9251754528	True
7536015585	True
3826226036	True
9666774741	True
439252914	True
842937982	True
8706989772	True
4372946169	True
9895751220	True
6015120299	True
133304084	True
8082245755	True
5706375578	True
5162567437	True
5840642713	True
3125680567	True
2575149955	True
7101969602	True
4047860887	True
8755915248	True
950011086	True
4913642932	True
1500346265	True
3482407740	True
4492802133	True
6449596252	True
6702260693	True
4728026144	True
1897931921	True
8765863965	True
2109585389	True
2160787427	True
7661930332	True
9305277981	True
9210923660	True
920691324	True
4197372614	True
7533724553	True
7905088416	False
747856358	True
9391651121	True
7313994513	True
9632038131	True
7750399555	True
4092902640	True
8279082430	True
1749251349	True
5725071390	True
8859694590	True
3979367934	True
7440044702	False
886883614	True
5865564498	True
5413549301	True
7894684433	True
1991455469	True
6689555762	True
5207040963	True
789623646	True
9827721639	True
6348526289	True
932555221	True
597133430	True
9131837077	True
460395587	True
5369652307	True
4790479997	True
546966066	True
7229034890	True
6431500502	True
8633373261	True
3795940197	True
9241303470	True
1227295031	True
3732005027	True
218256509	True
8734448038	True
6594181187	True
4245034998	True
6602611188	True
3896029098	True
1313702744	True
44069915	True
9940130614	True
1037841505	True
1032468824	True
5175859472	True
4370895065	True
2194208436	True
106514171	True
9003093106	True
7856786886	True
4314683692	True
4083945973	True
7313900095	True
6157193528	True
7646322922	True
921963353	True
4051111882	True
5112442905	True
3447280734	True
8470956010	True
4575106109	True
7078632828	True
1712346836	True
6998565068	True
5098934079	True
1044110130	True
9691355922	True
4915433665	True
2594839473	True
6540109120	True
9288489962	True
4167828747	True
4074882984	True
8954597388	True
9498633927	True
9128415565	True
1810948294	True
6481523208	True
6057351604	True
6162779396	True
7747294421	True
8504440899	True
9175416718	True
7754577216	True
7680466627	True
5835983458	True
917824645	True
666458375	True
3118119197	True
8886918041	True
9973153835	True
5077951266	True
1613202366	True
7619619354	True
6645380580	True
1832654937	True
638030695	True
6317178702	True
9857167673	True
4135229344	True
433346657	True
2137782347	True
3771847066	True
3743133177	True
6793578954	True
462016307	True
2762780060	True
3735582259	True
3594957031	True
9633211024	True
5199473616	True
7365331782	True
8143890330	True
7351931257	True
6943935110	True
9721947560	True
4541624536	True
7625390960	True
6357587137	True
4701516938	True
5540157465	True
4696977813	True
7015799492	True
8887454037	True
8433421052	True
7591988667	True
29199720	True
6217155245	False
7805804542	True
4848478073	True
6026676940	True
1704742043	True
4563591133	True
1051672830	True
5057875170	False
730736439	True
863343890	True
1594116936	True
5954804067	True
934886245	True
7850068421	True
5170642059	True
718593344	True
8760109653	True
1445531939	True
701012392	True
8335903982	True
8004000730	False
5615107600	True
3537769872	True
6259225104	True
7889565756	True
9882673156	True
893978648	True
5476888005	True
7637947489	True
5163590625	True
7793200495	True
1903137947	True
7806518653	True
9211668568	True
821743854	True
3387627768	False
6226639736	True
